item_name,category,quantity_purchased,quantity_consumed,waste_generated,purchase_date,expiry_date,days_until_expiry
milk,dairy,19.93,19.37,0.56,2025-03-29,2025-04-06,8
cheese,dairy,7.07,5.83,1.24,2025-04-07,2025-04-29,22
carrot,vegetable,12.34,9.14,3.2,2025-04-02,2025-04-07,5
mutton,meat,10.47,8.47,2.0,2025-04-02,2025-04-23,21
spinach,vegetable,6.9,6.9,0.0,2025-03-25,2025-04-01,7
chicken,meat,15.11,7.84,7.27,2025-03-25,2025-04-19,25
beef,meat,1.11,0.58,0.53,2025-04-03,2025-04-15,12
cheese,dairy,6.73,5.77,0.96,2025-04-05,2025-04-28,23
milk,dairy,15.73,15.24,0.49,2025-03-23,2025-04-03,11
cheese,dairy,12.99,8.26,4.73,2025-03-23,2025-04-14,22
mutton,meat,1.12,0.62,0.5,2025-03-30,2025-04-21,22
milk,dairy,7.97,7.44,0.53,2025-03-30,2025-04-25,26
potato,vegetable,19.53,16.51,3.02,2025-03-28,2025-04-13,16
mutton,meat,10.17,9.29,0.88,2025-04-01,2025-04-21,20
beef,meat,11.55,6.81,4.74,2025-03-26,2025-04-09,14
mutton,meat,9.8,5.79,4.01,2025-03-29,2025-04-22,24
beef,meat,2.71,2.24,0.47,2025-04-06,2025-05-03,27
chicken,meat,13.5,13.48,0.02,2025-04-04,2025-05-04,30
mutton,meat,1.42,1.23,0.19,2025-04-06,2025-04-30,24
cheese,dairy,6.95,3.59,3.36,2025-03-29,2025-04-09,11
yogurt,dairy,17.95,14.45,3.5,2025-03-26,2025-03-29,3
potato,vegetable,2.36,1.6,0.76,2025-03-25,2025-04-24,30
chicken,meat,6.65,6.24,0.41,2025-03-31,2025-04-14,14
carrot,vegetable,17.9,9.31,8.59,2025-04-03,2025-04-11,8
chicken,meat,9.96,9.41,0.55,2025-04-06,2025-04-11,5
yogurt,dairy,14.46,13.01,1.45,2025-04-05,2025-05-04,29
milk,dairy,7.42,5.19,2.23,2025-03-28,2025-04-12,15
beef,meat,8.78,5.37,3.41,2025-04-05,2025-04-24,19
mutton,meat,7.36,5.25,2.11,2025-04-06,2025-05-05,29
chicken,meat,15.2,8.97,6.23,2025-04-07,2025-05-03,26
potato,vegetable,2.85,2.35,0.5,2025-03-23,2025-04-01,9
cheese,dairy,6.44,4.44,2.0,2025-04-04,2025-04-09,5
carrot,vegetable,10.64,8.29,2.35,2025-04-07,2025-04-09,2
carrot,vegetable,16.14,10.44,5.7,2025-03-25,2025-04-19,25
carrot,vegetable,17.39,9.4,7.99,2025-03-24,2025-04-14,21
carrot,vegetable,10.29,7.18,3.11,2025-03-27,2025-04-17,21
mutton,meat,18.06,12.96,5.1,2025-03-29,2025-04-10,12
cheese,dairy,13.4,7.97,5.43,2025-04-05,2025-04-27,22
spinach,vegetable,15.93,13.55,2.38,2025-03-31,2025-04-10,10
milk,dairy,19.67,18.26,1.41,2025-03-27,2025-04-25,29
mutton,meat,19.71,15.74,3.97,2025-04-06,2025-04-17,11
carrot,vegetable,1.36,1.15,0.21,2025-04-07,2025-04-11,4
chicken,meat,13.47,8.83,4.64,2025-04-04,2025-04-24,20
milk,dairy,6.71,6.28,0.43,2025-03-28,2025-04-14,17
mutton,meat,13.88,7.59,6.29,2025-03-31,2025-04-12,12
cheese,dairy,15.28,12.01,3.27,2025-03-27,2025-04-12,16
cheese,dairy,12.28,11.06,1.22,2025-03-27,2025-04-08,12
spinach,vegetable,1.36,0.82,0.54,2025-03-31,2025-04-07,7
carrot,vegetable,10.78,7.51,3.27,2025-03-28,2025-04-18,21
carrot,vegetable,8.99,5.84,3.15,2025-04-03,2025-04-29,26
spinach,vegetable,5.03,4.82,0.21,2025-03-30,2025-04-25,26
cheese,dairy,18.44,16.76,1.68,2025-03-23,2025-04-16,24
carrot,vegetable,1.09,0.75,0.34,2025-03-29,2025-04-13,15
milk,dairy,19.08,13.6,5.48,2025-03-24,2025-04-16,23
potato,vegetable,8.3,5.01,3.29,2025-03-27,2025-03-29,2
cheese,dairy,6.13,5.44,0.69,2025-03-25,2025-03-31,6
chicken,meat,1.19,1.05,0.14,2025-03-23,2025-03-30,7
mutton,meat,17.28,8.8,8.48,2025-03-27,2025-04-17,21
milk,dairy,19.38,14.5,4.88,2025-03-26,2025-04-06,11
beef,meat,10.94,5.54,5.4,2025-04-04,2025-05-04,30
spinach,vegetable,14.89,9.61,5.28,2025-03-28,2025-04-24,27
carrot,vegetable,16.32,11.44,4.88,2025-03-27,2025-04-08,12
spinach,vegetable,2.83,1.89,0.94,2025-03-28,2025-04-14,17
yogurt,dairy,17.23,12.86,4.37,2025-03-27,2025-04-21,25
mutton,meat,10.68,6.68,4.0,2025-03-26,2025-04-16,21
yogurt,dairy,4.84,3.46,1.38,2025-04-01,2025-04-15,14
chicken,meat,19.94,12.33,7.61,2025-03-31,2025-04-08,8
carrot,vegetable,6.6,4.79,1.81,2025-03-31,2025-04-24,24
mutton,meat,15.42,15.32,0.1,2025-04-03,2025-04-21,18
spinach,vegetable,18.8,12.15,6.65,2025-03-24,2025-04-11,18
carrot,vegetable,7.49,6.36,1.13,2025-04-05,2025-04-26,21
potato,vegetable,17.99,16.74,1.25,2025-03-24,2025-04-18,25
mutton,meat,4.1,3.22,0.88,2025-03-23,2025-04-04,12
cheese,dairy,4.25,2.16,2.09,2025-03-25,2025-04-24,30
milk,dairy,17.85,17.2,0.65,2025-03-25,2025-04-06,12
spinach,vegetable,12.0,8.73,3.27,2025-03-23,2025-03-28,5
mutton,meat,16.69,15.72,0.97,2025-03-30,2025-04-03,4
spinach,vegetable,8.84,6.13,2.71,2025-04-05,2025-04-21,16
milk,dairy,1.94,1.81,0.13,2025-04-05,2025-04-27,22
spinach,vegetable,15.27,10.24,5.03,2025-04-02,2025-04-26,24
potato,vegetable,5.61,5.28,0.33,2025-03-25,2025-04-01,7
spinach,vegetable,7.68,5.97,1.71,2025-03-25,2025-04-15,21
chicken,meat,16.08,15.58,0.5,2025-04-03,2025-04-11,8
yogurt,dairy,3.23,3.15,0.08,2025-04-05,2025-04-29,24
mutton,meat,19.19,16.41,2.78,2025-03-27,2025-04-05,9
cheese,dairy,15.18,9.76,5.42,2025-04-01,2025-04-20,19
milk,dairy,2.72,1.85,0.87,2025-03-31,2025-04-13,13
beef,meat,15.9,11.69,4.21,2025-03-25,2025-03-30,5
mutton,meat,15.49,9.94,5.55,2025-03-31,2025-04-02,2
chicken,meat,12.86,8.74,4.12,2025-04-05,2025-04-29,24
mutton,meat,12.65,11.18,1.47,2025-04-02,2025-04-13,11
cheese,dairy,14.31,12.04,2.27,2025-04-06,2025-05-03,27
spinach,vegetable,9.63,6.45,3.18,2025-03-26,2025-04-10,15
cheese,dairy,17.49,12.31,5.18,2025-04-03,2025-04-27,24
carrot,vegetable,14.23,10.06,4.17,2025-03-31,2025-04-27,27
chicken,meat,11.74,9.27,2.47,2025-04-03,2025-04-29,26
yogurt,dairy,11.53,9.02,2.51,2025-04-06,2025-04-26,20
potato,vegetable,10.43,7.78,2.65,2025-03-31,2025-04-24,24
chicken,meat,15.1,8.93,6.17,2025-03-24,2025-04-16,23
carrot,vegetable,4.64,3.74,0.9,2025-03-29,2025-04-12,14
chicken,meat,18.28,16.74,1.54,2025-03-27,2025-04-23,27
yogurt,dairy,9.28,8.45,0.83,2025-03-25,2025-04-24,30
milk,dairy,11.46,10.1,1.36,2025-04-07,2025-05-05,28
mutton,meat,17.61,16.28,1.33,2025-04-05,2025-04-17,12
beef,meat,9.89,4.98,4.91,2025-03-29,2025-04-01,3
potato,vegetable,8.93,7.68,1.25,2025-04-02,2025-04-08,6
yogurt,dairy,14.59,14.11,0.48,2025-04-03,2025-04-13,10
milk,dairy,11.01,6.65,4.36,2025-04-06,2025-04-18,12
potato,vegetable,10.53,9.23,1.3,2025-03-29,2025-04-17,19
mutton,meat,4.98,3.81,1.17,2025-03-26,2025-04-18,23
spinach,vegetable,9.26,6.41,2.85,2025-04-02,2025-04-29,27
cheese,dairy,18.19,18.18,0.01,2025-03-27,2025-04-19,23
beef,meat,7.2,6.34,0.86,2025-03-26,2025-04-20,25
cheese,dairy,3.96,2.6,1.36,2025-03-26,2025-04-21,26
spinach,vegetable,15.49,10.46,5.03,2025-03-27,2025-04-17,21
beef,meat,5.7,2.93,2.77,2025-03-25,2025-04-04,10
potato,vegetable,1.67,1.32,0.35,2025-03-26,2025-04-01,6
spinach,vegetable,1.04,0.57,0.47,2025-03-23,2025-04-02,10
mutton,meat,17.62,11.85,5.77,2025-04-04,2025-04-26,22
beef,meat,2.03,1.5,0.53,2025-03-24,2025-04-11,18
mutton,meat,6.87,6.7,0.17,2025-04-03,2025-04-16,13
cheese,dairy,15.86,15.79,0.07,2025-03-23,2025-04-15,23
potato,vegetable,10.23,7.99,2.24,2025-03-29,2025-04-09,11
mutton,meat,6.44,4.86,1.58,2025-03-26,2025-04-06,11
potato,vegetable,7.79,4.4,3.39,2025-03-24,2025-04-01,8
beef,meat,2.8,2.63,0.17,2025-04-04,2025-04-25,21
spinach,vegetable,4.88,3.06,1.82,2025-04-02,2025-04-13,11
milk,dairy,10.41,5.99,4.42,2025-04-02,2025-04-21,19
spinach,vegetable,16.15,15.49,0.66,2025-03-25,2025-04-05,11
beef,meat,16.33,11.37,4.96,2025-03-28,2025-04-16,19
yogurt,dairy,1.99,1.79,0.2,2025-04-06,2025-05-06,30
yogurt,dairy,1.6,1.43,0.17,2025-03-30,2025-04-21,22
spinach,vegetable,12.5,8.67,3.83,2025-03-25,2025-04-10,16
carrot,vegetable,5.95,2.98,2.97,2025-04-06,2025-04-11,5
cheese,dairy,9.07,6.92,2.15,2025-04-04,2025-04-08,4
spinach,vegetable,15.85,12.27,3.58,2025-03-27,2025-03-31,4
mutton,meat,11.51,6.74,4.77,2025-03-28,2025-04-03,6
mutton,meat,10.99,8.46,2.53,2025-04-01,2025-04-27,26
carrot,vegetable,18.85,13.42,5.43,2025-03-29,2025-04-04,6
yogurt,dairy,3.47,2.53,0.94,2025-03-30,2025-04-23,24
yogurt,dairy,12.74,10.75,1.99,2025-04-03,2025-04-13,10
spinach,vegetable,5.52,3.16,2.36,2025-03-28,2025-04-08,11
mutton,meat,3.02,2.6,0.42,2025-04-06,2025-04-30,24
cheese,dairy,9.88,8.2,1.68,2025-03-28,2025-04-23,26
yogurt,dairy,11.97,10.2,1.77,2025-03-26,2025-04-08,13
potato,vegetable,7.48,4.01,3.47,2025-04-07,2025-04-12,5
chicken,meat,18.03,9.88,8.15,2025-03-26,2025-04-01,6
potato,vegetable,19.06,18.28,0.78,2025-03-23,2025-04-05,13
milk,dairy,11.65,11.26,0.39,2025-03-31,2025-04-25,25
mutton,meat,7.26,4.51,2.75,2025-04-04,2025-04-26,22
carrot,vegetable,18.84,15.14,3.7,2025-04-07,2025-04-20,13
yogurt,dairy,6.6,5.43,1.17,2025-03-29,2025-04-18,20
yogurt,dairy,14.29,7.61,6.68,2025-03-27,2025-04-07,11
milk,dairy,17.66,17.43,0.23,2025-03-27,2025-04-11,15
potato,vegetable,14.25,9.37,4.88,2025-03-24,2025-04-09,16
yogurt,dairy,2.96,1.58,1.38,2025-03-29,2025-04-20,22
potato,vegetable,1.36,0.72,0.64,2025-04-07,2025-04-10,3
cheese,dairy,15.08,12.39,2.69,2025-04-07,2025-04-29,22
carrot,vegetable,16.84,9.96,6.88,2025-04-07,2025-04-14,7
beef,meat,10.66,9.73,0.93,2025-03-28,2025-04-25,28
carrot,vegetable,10.76,8.8,1.96,2025-03-25,2025-04-08,14
potato,vegetable,4.96,2.87,2.09,2025-04-06,2025-04-14,8
spinach,vegetable,15.44,11.88,3.56,2025-03-25,2025-04-19,25
cheese,dairy,11.71,8.04,3.67,2025-03-23,2025-04-06,14
cheese,dairy,12.03,6.47,5.56,2025-04-01,2025-04-18,17
mutton,meat,1.65,1.11,0.54,2025-03-28,2025-04-03,6
cheese,dairy,7.52,6.07,1.45,2025-03-26,2025-04-23,28
cheese,dairy,10.5,9.21,1.29,2025-04-05,2025-04-22,17
beef,meat,5.7,2.98,2.72,2025-04-03,2025-04-22,19
beef,meat,16.9,13.0,3.9,2025-04-06,2025-04-19,13
chicken,meat,17.47,15.72,1.75,2025-03-30,2025-04-26,27
cheese,dairy,18.67,11.52,7.15,2025-04-04,2025-05-02,28
yogurt,dairy,5.5,5.09,0.41,2025-03-23,2025-04-05,13
cheese,dairy,8.92,7.96,0.96,2025-04-04,2025-04-10,6
beef,meat,11.59,10.74,0.85,2025-03-31,2025-04-24,24
carrot,vegetable,6.84,4.55,2.29,2025-03-30,2025-04-19,20
chicken,meat,15.8,10.32,5.48,2025-03-26,2025-04-11,16
potato,vegetable,18.11,11.54,6.57,2025-04-05,2025-04-24,19
potato,vegetable,14.59,13.97,0.62,2025-03-30,2025-04-14,15
cheese,dairy,12.9,9.83,3.07,2025-04-03,2025-04-17,14
beef,meat,17.92,17.38,0.54,2025-03-27,2025-04-11,15
yogurt,dairy,7.85,5.62,2.23,2025-03-24,2025-04-09,16
spinach,vegetable,12.21,11.2,1.01,2025-03-25,2025-04-14,20
cheese,dairy,13.25,7.96,5.29,2025-03-25,2025-04-08,14
mutton,meat,7.35,5.71,1.64,2025-03-28,2025-04-01,4
beef,meat,1.36,1.17,0.19,2025-03-26,2025-04-09,14
beef,meat,19.84,11.4,8.44,2025-03-29,2025-04-13,15
beef,meat,19.78,19.04,0.74,2025-04-02,2025-04-27,25
mutton,meat,12.61,6.31,6.3,2025-04-06,2025-04-16,10
mutton,meat,5.53,5.03,0.5,2025-03-30,2025-04-20,21
chicken,meat,19.79,17.18,2.61,2025-04-01,2025-04-23,22
yogurt,dairy,9.34,7.41,1.93,2025-04-07,2025-05-01,24
potato,vegetable,2.96,2.89,0.07,2025-04-05,2025-04-11,6
cheese,dairy,2.0,1.48,0.52,2025-04-03,2025-04-11,8
chicken,meat,13.72,9.29,4.43,2025-04-06,2025-04-29,23
chicken,meat,6.12,5.67,0.45,2025-04-03,2025-04-14,11
potato,vegetable,2.01,1.27,0.74,2025-04-06,2025-04-11,5
carrot,vegetable,2.24,2.19,0.05,2025-04-05,2025-05-04,29
potato,vegetable,13.65,11.34,2.31,2025-04-07,2025-05-05,28
cheese,dairy,19.55,17.41,2.14,2025-03-27,2025-04-17,21
milk,dairy,19.7,11.33,8.37,2025-04-01,2025-04-20,19
beef,meat,8.04,5.1,2.94,2025-04-05,2025-04-18,13
spinach,vegetable,18.92,12.73,6.19,2025-03-31,2025-04-11,11
mutton,meat,4.0,3.81,0.19,2025-04-04,2025-04-25,21
carrot,vegetable,3.75,3.62,0.13,2025-03-28,2025-04-23,26
cheese,dairy,8.13,5.74,2.39,2025-04-04,2025-05-01,27
mutton,meat,15.63,12.66,2.97,2025-03-28,2025-04-19,22
cheese,dairy,5.71,5.3,0.41,2025-04-02,2025-04-19,17
yogurt,dairy,19.14,9.64,9.5,2025-03-26,2025-04-08,13
spinach,vegetable,7.84,6.31,1.53,2025-03-28,2025-04-26,29
beef,meat,9.15,7.0,2.15,2025-03-29,2025-04-08,10
carrot,vegetable,11.06,5.84,5.22,2025-04-07,2025-04-20,13
milk,dairy,9.73,5.59,4.14,2025-03-29,2025-04-16,18
mutton,meat,13.1,10.59,2.51,2025-04-05,2025-04-09,4
beef,meat,12.84,10.67,2.17,2025-04-07,2025-04-19,12
carrot,vegetable,8.5,5.23,3.27,2025-03-24,2025-03-31,7
potato,vegetable,12.67,11.28,1.39,2025-04-05,2025-04-07,2
spinach,vegetable,8.25,7.83,0.42,2025-03-24,2025-04-17,24
cheese,dairy,2.75,1.77,0.98,2025-04-01,2025-04-20,19
chicken,meat,18.27,16.27,2.0,2025-03-28,2025-04-24,27
cheese,dairy,16.18,12.13,4.05,2025-03-28,2025-04-10,13
mutton,meat,17.21,14.87,2.34,2025-03-28,2025-04-27,30
potato,vegetable,7.06,6.81,0.25,2025-04-02,2025-04-08,6
cheese,dairy,16.49,12.93,3.56,2025-04-03,2025-04-09,6
milk,dairy,5.32,3.37,1.95,2025-03-25,2025-03-27,2
spinach,vegetable,10.26,9.08,1.18,2025-04-03,2025-04-14,11
yogurt,dairy,13.27,8.66,4.61,2025-03-27,2025-04-25,29
spinach,vegetable,13.87,11.69,2.18,2025-03-26,2025-04-13,18
cheese,dairy,9.07,7.56,1.51,2025-04-02,2025-04-19,17
yogurt,dairy,18.1,9.14,8.96,2025-03-31,2025-04-18,18
chicken,meat,19.26,14.36,4.9,2025-03-31,2025-04-10,10
cheese,dairy,19.3,14.93,4.37,2025-03-25,2025-04-11,17
chicken,meat,8.25,5.66,2.59,2025-04-07,2025-04-14,7
yogurt,dairy,19.81,19.35,0.46,2025-04-01,2025-04-18,17
carrot,vegetable,16.82,10.54,6.28,2025-04-02,2025-04-06,4
spinach,vegetable,4.6,3.78,0.82,2025-03-27,2025-03-30,3
spinach,vegetable,11.8,6.05,5.75,2025-03-28,2025-04-15,18
potato,vegetable,19.0,17.34,1.66,2025-04-04,2025-04-29,25
milk,dairy,13.4,10.74,2.66,2025-03-25,2025-04-24,30
potato,vegetable,1.46,0.9,0.56,2025-03-29,2025-04-23,25
yogurt,dairy,10.91,8.51,2.4,2025-04-02,2025-04-11,9
yogurt,dairy,11.91,8.41,3.5,2025-04-04,2025-04-28,24
chicken,meat,6.07,3.54,2.53,2025-03-29,2025-04-26,28
chicken,meat,19.91,12.84,7.07,2025-03-31,2025-04-25,25
milk,dairy,14.64,13.01,1.63,2025-04-01,2025-04-09,8
chicken,meat,16.14,8.24,7.9,2025-04-03,2025-04-24,21
chicken,meat,1.19,1.01,0.18,2025-03-26,2025-04-24,29
spinach,vegetable,1.14,1.01,0.13,2025-04-05,2025-05-05,30
cheese,dairy,4.45,2.43,2.02,2025-03-26,2025-04-04,9
cheese,dairy,19.05,12.58,6.47,2025-04-07,2025-04-16,9
carrot,vegetable,9.08,7.57,1.51,2025-03-27,2025-04-14,18
spinach,vegetable,8.28,7.18,1.1,2025-04-03,2025-04-25,22
yogurt,dairy,3.85,3.3,0.55,2025-03-23,2025-04-21,29
chicken,meat,18.51,13.74,4.77,2025-04-02,2025-04-14,12
carrot,vegetable,1.44,0.87,0.57,2025-03-26,2025-04-20,25
carrot,vegetable,12.55,10.93,1.62,2025-03-27,2025-04-03,7
mutton,meat,2.88,2.06,0.82,2025-03-26,2025-04-15,20
mutton,meat,3.28,2.26,1.02,2025-04-06,2025-04-12,6
potato,vegetable,2.66,2.16,0.5,2025-03-31,2025-04-20,20
spinach,vegetable,16.96,10.58,6.38,2025-03-26,2025-03-30,4
milk,dairy,2.1,1.17,0.93,2025-03-24,2025-04-10,17
cheese,dairy,5.6,4.72,0.88,2025-04-03,2025-04-09,6
beef,meat,11.04,10.65,0.39,2025-03-26,2025-04-18,23
potato,vegetable,8.31,4.85,3.46,2025-04-06,2025-05-04,28
beef,meat,15.62,10.93,4.69,2025-04-05,2025-05-05,30
yogurt,dairy,14.6,13.99,0.61,2025-04-02,2025-04-21,19
mutton,meat,13.96,9.52,4.44,2025-03-28,2025-04-25,28
yogurt,dairy,12.35,11.19,1.16,2025-04-04,2025-04-18,14
cheese,dairy,19.11,18.24,0.87,2025-03-26,2025-04-25,30
carrot,vegetable,17.86,16.42,1.44,2025-04-05,2025-04-17,12
spinach,vegetable,15.17,13.61,1.56,2025-03-30,2025-04-19,20
potato,vegetable,6.72,6.19,0.53,2025-04-02,2025-04-30,28
chicken,meat,4.08,3.83,0.25,2025-03-29,2025-04-08,10
carrot,vegetable,2.75,2.06,0.69,2025-04-01,2025-04-28,27
spinach,vegetable,15.32,9.49,5.83,2025-03-28,2025-04-01,4
spinach,vegetable,12.83,10.88,1.95,2025-04-04,2025-05-01,27
yogurt,dairy,14.89,8.73,6.16,2025-03-30,2025-04-16,17
spinach,vegetable,16.11,11.76,4.35,2025-03-25,2025-04-20,26
cheese,dairy,4.24,3.26,0.98,2025-03-24,2025-04-12,19
yogurt,dairy,10.86,7.05,3.81,2025-03-23,2025-03-28,5
spinach,vegetable,16.49,14.53,1.96,2025-03-23,2025-04-03,11
spinach,vegetable,19.84,9.98,9.86,2025-04-05,2025-04-21,16
milk,dairy,8.63,7.4,1.23,2025-03-30,2025-04-07,8
chicken,meat,6.18,4.96,1.22,2025-03-30,2025-04-28,29
potato,vegetable,6.92,5.69,1.23,2025-03-27,2025-04-09,13
milk,dairy,19.56,19.49,0.07,2025-03-31,2025-04-30,30
milk,dairy,14.77,14.36,0.41,2025-03-30,2025-04-22,23
chicken,meat,16.96,16.8,0.16,2025-03-24,2025-04-03,10
potato,vegetable,16.41,13.59,2.82,2025-03-26,2025-04-06,11
yogurt,dairy,14.07,7.93,6.14,2025-04-01,2025-04-15,14
beef,meat,11.33,6.29,5.04,2025-04-06,2025-04-18,12
spinach,vegetable,19.68,12.89,6.79,2025-04-06,2025-04-21,15
cheese,dairy,1.68,0.94,0.74,2025-04-03,2025-04-22,19
chicken,meat,7.22,6.15,1.07,2025-03-29,2025-04-01,3
chicken,meat,12.07,8.61,3.46,2025-03-31,2025-04-23,23
beef,meat,3.32,2.38,0.94,2025-03-29,2025-04-04,6
cheese,dairy,16.28,13.99,2.29,2025-03-27,2025-04-03,7
beef,meat,12.46,10.83,1.63,2025-03-26,2025-04-01,6
carrot,vegetable,13.77,11.52,2.25,2025-03-25,2025-03-30,5
milk,dairy,9.53,6.67,2.86,2025-04-02,2025-04-26,24
milk,dairy,8.94,7.05,1.89,2025-04-07,2025-04-11,4
milk,dairy,15.53,13.84,1.69,2025-04-01,2025-04-11,10
milk,dairy,6.4,4.69,1.71,2025-03-26,2025-04-17,22
carrot,vegetable,19.73,10.82,8.91,2025-03-28,2025-04-13,16
cheese,dairy,13.02,9.04,3.98,2025-04-01,2025-04-19,18
chicken,meat,4.19,2.68,1.51,2025-04-03,2025-04-29,26
yogurt,dairy,13.46,7.36,6.1,2025-04-03,2025-04-23,20
milk,dairy,10.18,9.74,0.44,2025-03-25,2025-04-05,11
beef,meat,14.77,9.09,5.68,2025-04-06,2025-04-20,14
spinach,vegetable,7.06,6.39,0.67,2025-03-24,2025-04-05,12
beef,meat,14.56,12.97,1.59,2025-04-04,2025-04-19,15
cheese,dairy,16.96,13.73,3.23,2025-03-25,2025-03-31,6
carrot,vegetable,19.26,17.68,1.58,2025-03-24,2025-04-07,14
carrot,vegetable,8.39,4.61,3.78,2025-04-07,2025-05-05,28
chicken,meat,8.19,4.43,3.76,2025-04-07,2025-04-11,4
spinach,vegetable,12.23,10.9,1.33,2025-04-02,2025-04-18,16
milk,dairy,4.7,3.46,1.24,2025-04-07,2025-04-10,3
beef,meat,15.49,9.58,5.91,2025-04-05,2025-04-24,19
mutton,meat,16.59,8.95,7.64,2025-03-28,2025-04-06,9
spinach,vegetable,13.75,12.92,0.83,2025-04-02,2025-04-12,10
mutton,meat,11.46,9.51,1.95,2025-04-04,2025-04-18,14
chicken,meat,10.84,6.72,4.12,2025-03-29,2025-04-02,4
chicken,meat,12.28,11.25,1.03,2025-03-24,2025-04-09,16
yogurt,dairy,11.15,9.84,1.31,2025-04-03,2025-05-02,29
potato,vegetable,17.08,8.69,8.39,2025-03-28,2025-04-24,27
yogurt,dairy,6.61,3.76,2.85,2025-04-02,2025-04-08,6
chicken,meat,2.31,1.86,0.45,2025-04-01,2025-04-12,11
spinach,vegetable,1.99,1.44,0.55,2025-03-25,2025-04-16,22
chicken,meat,7.4,4.01,3.39,2025-04-01,2025-04-04,3
carrot,vegetable,15.51,11.41,4.1,2025-03-23,2025-04-17,25
yogurt,dairy,15.16,15.04,0.12,2025-04-05,2025-04-16,11
beef,meat,16.74,10.94,5.8,2025-03-27,2025-04-05,9
beef,meat,13.31,8.4,4.91,2025-04-04,2025-04-17,13
mutton,meat,12.21,9.86,2.35,2025-04-07,2025-05-07,30
yogurt,dairy,16.32,11.92,4.4,2025-03-31,2025-04-13,13
cheese,dairy,18.84,11.96,6.88,2025-03-28,2025-04-05,8
spinach,vegetable,7.73,4.81,2.92,2025-04-06,2025-05-03,27
carrot,vegetable,19.64,12.74,6.9,2025-04-03,2025-04-08,5
potato,vegetable,6.74,3.45,3.29,2025-04-07,2025-04-20,13
yogurt,dairy,16.37,12.49,3.88,2025-03-24,2025-04-07,14
cheese,dairy,4.21,2.4,1.81,2025-03-24,2025-04-01,8
beef,meat,15.11,7.92,7.19,2025-03-28,2025-04-25,28
carrot,vegetable,11.98,11.97,0.01,2025-03-28,2025-04-21,24
potato,vegetable,13.68,12.36,1.32,2025-04-05,2025-04-10,5
beef,meat,7.58,5.69,1.89,2025-03-23,2025-04-07,15
spinach,vegetable,18.22,11.36,6.86,2025-04-04,2025-04-14,10
potato,vegetable,9.22,7.65,1.57,2025-03-23,2025-04-06,14
milk,dairy,6.53,6.22,0.31,2025-03-30,2025-04-24,25
potato,vegetable,7.91,6.0,1.91,2025-04-03,2025-04-05,2
spinach,vegetable,19.53,13.7,5.83,2025-03-31,2025-04-08,8
chicken,meat,16.85,12.88,3.97,2025-03-27,2025-04-26,30
carrot,vegetable,16.04,9.8,6.24,2025-04-02,2025-04-15,13
milk,dairy,8.19,6.82,1.37,2025-03-28,2025-04-01,4
chicken,meat,7.64,4.35,3.29,2025-04-05,2025-04-22,17
carrot,vegetable,10.86,5.59,5.27,2025-04-04,2025-04-19,15
carrot,vegetable,1.76,0.93,0.83,2025-03-30,2025-04-22,23
carrot,vegetable,18.22,12.6,5.62,2025-03-31,2025-04-09,9
yogurt,dairy,11.39,8.86,2.53,2025-03-24,2025-04-21,28
chicken,meat,7.78,7.35,0.43,2025-04-05,2025-05-02,27
spinach,vegetable,17.03,14.51,2.52,2025-03-30,2025-04-10,11
yogurt,dairy,8.41,6.65,1.76,2025-03-30,2025-04-26,27
spinach,vegetable,18.07,11.29,6.78,2025-03-31,2025-04-23,23
potato,vegetable,9.02,7.62,1.4,2025-04-01,2025-04-23,22
cheese,dairy,3.56,2.74,0.82,2025-04-03,2025-04-05,2
milk,dairy,3.59,1.82,1.77,2025-03-24,2025-03-31,7
mutton,meat,12.69,7.65,5.04,2025-04-05,2025-04-26,21
yogurt,dairy,15.31,11.37,3.94,2025-03-23,2025-04-11,19
beef,meat,8.45,7.13,1.32,2025-03-29,2025-04-10,12
carrot,vegetable,17.45,10.82,6.63,2025-04-01,2025-04-10,9
potato,vegetable,19.89,11.44,8.45,2025-04-03,2025-04-15,12
carrot,vegetable,4.95,2.55,2.4,2025-04-07,2025-05-06,29
mutton,meat,9.62,7.54,2.08,2025-04-01,2025-04-07,6
mutton,meat,4.01,3.37,0.64,2025-03-25,2025-04-13,19
beef,meat,4.46,3.52,0.94,2025-03-23,2025-03-30,7
milk,dairy,2.89,2.18,0.71,2025-04-02,2025-04-23,21
cheese,dairy,2.31,1.31,1.0,2025-03-29,2025-04-25,27
mutton,meat,8.4,5.82,2.58,2025-04-06,2025-04-29,23
chicken,meat,13.61,8.73,4.88,2025-04-05,2025-05-04,29
potato,vegetable,8.68,5.88,2.8,2025-03-29,2025-04-11,13
potato,vegetable,13.02,6.73,6.29,2025-04-03,2025-04-27,24
chicken,meat,3.8,3.36,0.44,2025-03-25,2025-03-31,6
yogurt,dairy,5.79,5.28,0.51,2025-03-23,2025-04-06,14
mutton,meat,8.9,5.41,3.49,2025-04-06,2025-05-01,25
chicken,meat,4.41,3.3,1.11,2025-03-26,2025-04-23,28
milk,dairy,10.47,8.64,1.83,2025-03-23,2025-04-05,13
carrot,vegetable,19.37,10.49,8.88,2025-03-27,2025-04-02,6
potato,vegetable,15.2,14.99,0.21,2025-03-26,2025-04-19,24
potato,vegetable,8.95,8.14,0.81,2025-03-31,2025-04-24,24
chicken,meat,5.69,3.07,2.62,2025-03-27,2025-04-11,15
chicken,meat,16.38,9.25,7.13,2025-04-07,2025-05-02,25
mutton,meat,14.09,12.75,1.34,2025-03-25,2025-04-08,14
spinach,vegetable,16.39,9.73,6.66,2025-04-06,2025-04-08,2
chicken,meat,2.85,2.14,0.71,2025-03-23,2025-04-20,28
chicken,meat,10.15,7.24,2.91,2025-03-29,2025-04-01,3
yogurt,dairy,4.95,4.71,0.24,2025-03-30,2025-04-22,23
mutton,meat,10.38,8.4,1.98,2025-03-26,2025-04-04,9
yogurt,dairy,9.64,5.61,4.03,2025-03-25,2025-04-09,15
chicken,meat,4.87,4.02,0.85,2025-04-05,2025-04-18,13
potato,vegetable,15.13,7.8,7.33,2025-03-31,2025-04-05,5
cheese,dairy,6.19,3.22,2.97,2025-04-06,2025-04-19,13
cheese,dairy,14.11,14.08,0.03,2025-03-29,2025-04-01,3
potato,vegetable,17.1,12.19,4.91,2025-03-29,2025-04-18,20
spinach,vegetable,11.53,9.71,1.82,2025-03-24,2025-04-02,9
carrot,vegetable,11.87,10.46,1.41,2025-04-04,2025-04-06,2
carrot,vegetable,11.84,6.3,5.54,2025-04-02,2025-04-14,12
milk,dairy,2.79,2.24,0.55,2025-04-01,2025-04-25,24
yogurt,dairy,16.13,9.38,6.75,2025-04-01,2025-05-01,30
milk,dairy,12.79,11.16,1.63,2025-03-25,2025-04-19,25
yogurt,dairy,4.49,3.62,0.87,2025-03-28,2025-04-08,11
beef,meat,18.42,13.41,5.01,2025-03-27,2025-04-19,23
mutton,meat,8.59,5.64,2.95,2025-03-29,2025-04-19,21
potato,vegetable,18.24,10.16,8.08,2025-03-30,2025-04-16,17
spinach,vegetable,9.75,8.78,0.97,2025-03-30,2025-04-01,2
yogurt,dairy,4.7,2.79,1.91,2025-04-07,2025-04-24,17
milk,dairy,5.08,2.64,2.44,2025-03-25,2025-04-06,12
potato,vegetable,8.75,8.74,0.01,2025-04-07,2025-04-29,22
spinach,vegetable,10.9,8.4,2.5,2025-04-03,2025-04-22,19
milk,dairy,12.78,7.4,5.38,2025-04-02,2025-04-07,5
cheese,dairy,15.2,13.02,2.18,2025-03-30,2025-04-09,10
carrot,vegetable,2.87,2.34,0.53,2025-04-06,2025-04-24,18
carrot,vegetable,11.83,7.3,4.53,2025-03-23,2025-04-01,9
mutton,meat,4.79,2.41,2.38,2025-03-26,2025-04-10,15
yogurt,dairy,3.6,2.94,0.66,2025-03-25,2025-04-07,13
yogurt,dairy,12.29,9.71,2.58,2025-04-04,2025-04-10,6
milk,dairy,16.6,14.04,2.56,2025-03-23,2025-04-01,9
chicken,meat,12.55,12.4,0.15,2025-03-28,2025-04-14,17
carrot,vegetable,5.44,4.23,1.21,2025-03-25,2025-04-16,22
beef,meat,1.98,1.41,0.57,2025-04-05,2025-05-02,27
cheese,dairy,19.62,13.33,6.29,2025-04-01,2025-04-23,22
chicken,meat,4.59,3.86,0.73,2025-03-25,2025-04-20,26
carrot,vegetable,18.94,14.7,4.24,2025-04-03,2025-04-16,13
carrot,vegetable,8.63,7.16,1.47,2025-04-02,2025-04-27,25
mutton,meat,4.96,4.17,0.79,2025-03-23,2025-04-02,10
spinach,vegetable,14.74,10.86,3.88,2025-04-03,2025-04-30,27
cheese,dairy,7.74,4.03,3.71,2025-04-04,2025-04-30,26
mutton,meat,15.64,9.01,6.63,2025-03-27,2025-04-05,9
chicken,meat,1.73,1.44,0.29,2025-04-05,2025-04-29,24
beef,meat,11.0,6.79,4.21,2025-04-03,2025-04-07,4
spinach,vegetable,15.17,11.28,3.89,2025-03-24,2025-04-18,25
chicken,meat,10.34,5.71,4.63,2025-03-29,2025-04-21,23
milk,dairy,3.28,2.72,0.56,2025-03-29,2025-04-07,9
beef,meat,3.34,2.38,0.96,2025-03-31,2025-04-03,3
yogurt,dairy,5.04,4.37,0.67,2025-04-06,2025-04-16,10
yogurt,dairy,11.93,6.52,5.41,2025-03-28,2025-04-05,8
carrot,vegetable,16.99,12.76,4.23,2025-04-05,2025-04-08,3
potato,vegetable,3.55,2.88,0.67,2025-04-05,2025-04-10,5
yogurt,dairy,4.98,2.88,2.1,2025-03-31,2025-04-20,20
carrot,vegetable,16.23,9.54,6.69,2025-03-29,2025-04-01,3
cheese,dairy,14.89,8.01,6.88,2025-03-29,2025-04-21,23
beef,meat,12.42,12.28,0.14,2025-04-04,2025-04-20,16
milk,dairy,8.17,8.11,0.06,2025-03-26,2025-04-01,6
potato,vegetable,2.61,1.38,1.23,2025-04-06,2025-04-15,9
milk,dairy,8.66,5.58,3.08,2025-04-03,2025-04-15,12
spinach,vegetable,13.97,10.87,3.1,2025-04-02,2025-04-08,6
beef,meat,18.17,9.47,8.7,2025-03-26,2025-03-28,2
beef,meat,2.37,2.15,0.22,2025-04-04,2025-04-29,25
chicken,meat,18.57,16.28,2.29,2025-03-30,2025-04-18,19
cheese,dairy,18.81,16.77,2.04,2025-04-06,2025-05-01,25
milk,dairy,7.35,3.98,3.37,2025-03-28,2025-04-11,14
mutton,meat,8.15,7.09,1.06,2025-03-30,2025-04-02,3
potato,vegetable,15.95,15.18,0.77,2025-03-30,2025-04-01,2
beef,meat,6.49,5.82,0.67,2025-03-25,2025-03-27,2
yogurt,dairy,17.79,10.01,7.78,2025-03-26,2025-04-04,9
mutton,meat,19.02,17.53,1.49,2025-04-07,2025-04-29,22
yogurt,dairy,16.33,16.32,0.01,2025-04-07,2025-04-20,13
spinach,vegetable,10.1,7.57,2.53,2025-04-01,2025-04-28,27
carrot,vegetable,3.18,2.36,0.82,2025-04-05,2025-04-15,10
milk,dairy,12.19,8.92,3.27,2025-04-05,2025-04-09,4
cheese,dairy,3.11,2.48,0.63,2025-04-05,2025-05-02,27
cheese,dairy,2.03,1.58,0.45,2025-04-04,2025-04-14,10
milk,dairy,1.11,1.02,0.09,2025-04-06,2025-04-18,12
spinach,vegetable,6.57,4.2,2.37,2025-04-02,2025-04-26,24
carrot,vegetable,2.9,1.52,1.38,2025-03-23,2025-04-18,26
spinach,vegetable,19.47,15.78,3.69,2025-04-03,2025-04-08,5
mutton,meat,14.26,8.84,5.42,2025-03-26,2025-04-15,20
beef,meat,10.27,7.94,2.33,2025-03-26,2025-03-29,3
beef,meat,9.02,6.43,2.59,2025-03-27,2025-04-17,21
cheese,dairy,10.27,7.75,2.52,2025-04-02,2025-04-15,13
yogurt,dairy,3.89,3.29,0.6,2025-04-01,2025-04-27,26
potato,vegetable,4.73,3.99,0.74,2025-03-31,2025-04-12,12
spinach,vegetable,7.31,6.49,0.82,2025-03-26,2025-04-04,9
beef,meat,12.33,9.68,2.65,2025-03-26,2025-04-25,30
yogurt,dairy,16.32,11.27,5.05,2025-03-28,2025-03-30,2
yogurt,dairy,13.2,10.75,2.45,2025-04-01,2025-04-24,23
beef,meat,3.49,3.19,0.3,2025-03-26,2025-04-06,11
yogurt,dairy,11.71,11.52,0.19,2025-04-07,2025-04-14,7
cheese,dairy,2.89,1.8,1.09,2025-03-23,2025-03-31,8
spinach,vegetable,15.87,8.55,7.32,2025-03-27,2025-04-04,8
mutton,meat,10.81,8.03,2.78,2025-03-25,2025-03-29,4
cheese,dairy,6.67,4.95,1.72,2025-04-01,2025-04-04,3
yogurt,dairy,11.87,11.11,0.76,2025-03-23,2025-04-10,18
spinach,vegetable,13.36,10.53,2.83,2025-03-29,2025-04-05,7
carrot,vegetable,3.58,3.53,0.05,2025-03-27,2025-04-06,10
mutton,meat,1.91,1.43,0.48,2025-03-24,2025-04-22,29
yogurt,dairy,8.83,5.14,3.69,2025-04-05,2025-04-19,14
yogurt,dairy,13.91,8.37,5.54,2025-04-02,2025-04-16,14
yogurt,dairy,10.52,8.05,2.47,2025-03-26,2025-04-20,25
carrot,vegetable,11.62,7.86,3.76,2025-03-30,2025-04-28,29
yogurt,dairy,15.17,13.74,1.43,2025-03-26,2025-04-20,25
mutton,meat,12.7,10.76,1.94,2025-03-29,2025-04-15,17
yogurt,dairy,9.92,9.72,0.2,2025-04-01,2025-04-18,17
yogurt,dairy,10.24,6.6,3.64,2025-04-06,2025-05-01,25
mutton,meat,16.41,12.67,3.74,2025-03-30,2025-04-24,25
beef,meat,4.48,2.4,2.08,2025-03-23,2025-04-13,21
cheese,dairy,1.34,0.96,0.38,2025-03-26,2025-04-05,10
spinach,vegetable,3.92,2.15,1.77,2025-03-29,2025-04-01,3
yogurt,dairy,8.18,6.41,1.77,2025-03-29,2025-04-08,10
milk,dairy,8.96,4.98,3.98,2025-03-26,2025-04-13,18
cheese,dairy,4.18,2.31,1.87,2025-03-27,2025-04-20,24
carrot,vegetable,1.13,0.6,0.53,2025-04-02,2025-04-20,18
chicken,meat,18.41,15.73,2.68,2025-03-30,2025-04-17,18
chicken,meat,18.57,12.24,6.33,2025-03-23,2025-03-26,3
milk,dairy,15.76,8.49,7.27,2025-03-28,2025-04-10,13
cheese,dairy,7.66,6.26,1.4,2025-04-03,2025-04-13,10
milk,dairy,13.75,9.42,4.33,2025-03-24,2025-04-15,22
cheese,dairy,15.39,8.05,7.34,2025-03-27,2025-04-22,26
spinach,vegetable,3.07,2.17,0.9,2025-03-26,2025-03-30,4
milk,dairy,12.53,7.76,4.77,2025-03-30,2025-04-13,14
cheese,dairy,17.62,10.34,7.28,2025-04-06,2025-04-09,3
potato,vegetable,8.19,7.45,0.74,2025-04-03,2025-04-11,8
carrot,vegetable,1.62,1.33,0.29,2025-03-26,2025-04-02,7
mutton,meat,10.1,9.03,1.07,2025-04-03,2025-04-09,6
mutton,meat,5.83,5.04,0.79,2025-03-27,2025-04-03,7
potato,vegetable,19.04,10.59,8.45,2025-04-05,2025-04-21,16
spinach,vegetable,5.98,3.52,2.46,2025-04-03,2025-04-28,25
mutton,meat,3.23,1.75,1.48,2025-03-24,2025-04-04,11
spinach,vegetable,17.7,12.2,5.5,2025-03-31,2025-04-26,26
potato,vegetable,9.95,8.84,1.11,2025-03-29,2025-04-11,13
mutton,meat,18.69,16.79,1.9,2025-03-31,2025-04-26,26
milk,dairy,11.85,8.9,2.95,2025-03-26,2025-04-12,17
mutton,meat,15.05,12.6,2.45,2025-04-01,2025-04-29,28
beef,meat,8.75,4.91,3.84,2025-03-27,2025-04-19,23
milk,dairy,8.23,6.39,1.84,2025-04-02,2025-04-06,4
mutton,meat,12.0,9.91,2.09,2025-03-25,2025-03-31,6
milk,dairy,3.01,2.04,0.97,2025-04-03,2025-04-14,11
carrot,vegetable,11.15,9.26,1.89,2025-03-31,2025-04-02,2
yogurt,dairy,18.66,15.54,3.12,2025-03-24,2025-04-11,18
beef,meat,10.1,5.98,4.12,2025-04-06,2025-05-01,25
potato,vegetable,2.0,1.02,0.98,2025-04-07,2025-05-06,29
mutton,meat,5.45,3.99,1.46,2025-04-05,2025-04-18,13
beef,meat,8.46,4.87,3.59,2025-03-25,2025-04-06,12
carrot,vegetable,4.92,2.7,2.22,2025-03-31,2025-04-15,15
milk,dairy,7.02,5.1,1.92,2025-04-03,2025-04-06,3
beef,meat,6.0,3.81,2.19,2025-03-26,2025-04-09,14
milk,dairy,15.02,9.67,5.35,2025-03-27,2025-04-16,20
milk,dairy,7.08,5.64,1.44,2025-03-30,2025-04-28,29
carrot,vegetable,17.12,16.43,0.69,2025-04-03,2025-04-08,5
carrot,vegetable,19.01,10.63,8.38,2025-03-24,2025-03-31,7
mutton,meat,7.3,6.7,0.6,2025-03-25,2025-03-29,4
potato,vegetable,17.48,10.46,7.02,2025-03-27,2025-04-02,6
carrot,vegetable,2.12,1.43,0.69,2025-03-26,2025-03-29,3
cheese,dairy,9.14,6.33,2.81,2025-04-05,2025-04-13,8
beef,meat,19.76,13.21,6.55,2025-04-07,2025-04-12,5
spinach,vegetable,10.42,7.83,2.59,2025-04-05,2025-04-29,24
chicken,meat,4.54,3.98,0.56,2025-03-26,2025-03-30,4
potato,vegetable,2.33,1.29,1.04,2025-03-28,2025-04-21,24
cheese,dairy,8.19,4.27,3.92,2025-03-23,2025-03-27,4
potato,vegetable,14.69,10.2,4.49,2025-03-28,2025-04-22,25
chicken,meat,15.98,8.3,7.68,2025-03-26,2025-04-05,10
beef,meat,19.21,13.19,6.02,2025-04-03,2025-04-20,17
chicken,meat,13.6,12.59,1.01,2025-04-01,2025-04-17,16
beef,meat,6.92,5.59,1.33,2025-03-30,2025-04-16,17
mutton,meat,2.6,2.57,0.03,2025-04-05,2025-04-27,22
mutton,meat,18.67,10.13,8.54,2025-04-07,2025-04-22,15
cheese,dairy,16.11,9.96,6.15,2025-04-04,2025-04-11,7
milk,dairy,12.24,8.07,4.17,2025-04-07,2025-04-24,17
spinach,vegetable,7.92,7.6,0.32,2025-04-01,2025-04-08,7
potato,vegetable,16.36,10.59,5.77,2025-04-04,2025-04-27,23
chicken,meat,19.87,12.03,7.84,2025-04-03,2025-04-13,10
yogurt,dairy,6.51,4.62,1.89,2025-03-23,2025-04-09,17
milk,dairy,14.1,10.04,4.06,2025-04-06,2025-04-25,19
yogurt,dairy,8.63,7.24,1.39,2025-04-06,2025-04-29,23
spinach,vegetable,14.66,12.18,2.48,2025-03-30,2025-04-01,2
milk,dairy,7.76,7.35,0.41,2025-03-25,2025-04-06,12
chicken,meat,13.46,6.98,6.48,2025-04-05,2025-05-05,30
spinach,vegetable,9.03,6.99,2.04,2025-04-06,2025-04-22,16
cheese,dairy,11.43,9.4,2.03,2025-03-26,2025-03-31,5
mutton,meat,9.45,7.67,1.78,2025-04-01,2025-04-14,13
cheese,dairy,12.1,10.73,1.37,2025-03-23,2025-04-10,18
potato,vegetable,2.38,1.45,0.93,2025-04-04,2025-04-30,26
cheese,dairy,3.95,3.2,0.75,2025-03-24,2025-04-05,12
mutton,meat,11.89,11.82,0.07,2025-03-31,2025-04-18,18
chicken,meat,10.14,5.42,4.72,2025-04-01,2025-04-20,19
potato,vegetable,10.72,9.35,1.37,2025-03-26,2025-03-31,5
mutton,meat,3.58,2.41,1.17,2025-04-05,2025-05-02,27
chicken,meat,18.36,12.37,5.99,2025-04-05,2025-04-14,9
carrot,vegetable,8.89,7.98,0.91,2025-03-23,2025-03-31,8
potato,vegetable,10.64,5.87,4.77,2025-04-01,2025-04-17,16
cheese,dairy,2.71,2.49,0.22,2025-03-26,2025-03-30,4
spinach,vegetable,7.61,6.86,0.75,2025-03-30,2025-04-12,13
carrot,vegetable,6.27,6.21,0.06,2025-04-01,2025-04-15,14
beef,meat,7.83,5.62,2.21,2025-03-25,2025-04-08,14
carrot,vegetable,8.64,7.6,1.04,2025-03-27,2025-04-17,21
yogurt,dairy,14.96,10.21,4.75,2025-03-30,2025-04-13,14
yogurt,dairy,12.78,12.26,0.52,2025-04-07,2025-04-12,5
beef,meat,9.91,9.15,0.76,2025-03-23,2025-04-12,20
mutton,meat,3.03,2.81,0.22,2025-03-29,2025-04-10,12
mutton,meat,18.72,13.27,5.45,2025-04-03,2025-04-24,21
spinach,vegetable,17.12,9.27,7.85,2025-04-02,2025-04-05,3
spinach,vegetable,6.07,3.34,2.73,2025-04-01,2025-04-25,24
cheese,dairy,1.67,1.58,0.09,2025-04-04,2025-05-04,30
chicken,meat,17.64,11.57,6.07,2025-03-27,2025-04-14,18
yogurt,dairy,2.34,1.97,0.37,2025-04-04,2025-04-16,12
potato,vegetable,11.5,9.32,2.18,2025-04-03,2025-04-29,26
spinach,vegetable,13.45,6.74,6.71,2025-03-24,2025-04-02,9
cheese,dairy,8.82,6.14,2.68,2025-03-28,2025-04-08,11
chicken,meat,19.42,11.59,7.83,2025-03-28,2025-04-07,10
milk,dairy,12.88,6.53,6.35,2025-03-24,2025-04-17,24
chicken,meat,18.77,18.43,0.34,2025-04-04,2025-04-11,7
yogurt,dairy,2.01,1.02,0.99,2025-04-07,2025-04-28,21
spinach,vegetable,4.28,4.05,0.23,2025-04-02,2025-04-04,2
beef,meat,15.13,14.92,0.21,2025-04-03,2025-05-01,28
carrot,vegetable,3.23,1.74,1.49,2025-03-28,2025-04-02,5
beef,meat,15.17,14.66,0.51,2025-04-04,2025-04-27,23
beef,meat,18.82,12.96,5.86,2025-03-23,2025-04-15,23
milk,dairy,6.29,4.84,1.45,2025-03-27,2025-04-11,15
potato,vegetable,14.16,10.18,3.98,2025-03-28,2025-04-20,23
yogurt,dairy,14.82,14.18,0.64,2025-03-31,2025-04-02,2
spinach,vegetable,19.66,11.37,8.29,2025-04-03,2025-04-20,17
milk,dairy,7.76,4.5,3.26,2025-04-01,2025-04-30,29
beef,meat,18.56,16.15,2.41,2025-03-24,2025-03-27,3
beef,meat,10.38,5.48,4.9,2025-03-31,2025-04-12,12
chicken,meat,9.89,8.86,1.03,2025-04-06,2025-04-20,14
potato,vegetable,11.66,10.76,0.9,2025-04-01,2025-04-23,22
milk,dairy,13.38,8.5,4.88,2025-04-01,2025-04-08,7
yogurt,dairy,6.37,5.92,0.45,2025-03-27,2025-04-07,11
mutton,meat,13.65,7.32,6.33,2025-03-26,2025-04-01,6
carrot,vegetable,8.57,6.71,1.86,2025-04-06,2025-04-19,13
potato,vegetable,14.19,12.41,1.78,2025-04-04,2025-04-14,10
mutton,meat,13.86,11.87,1.99,2025-04-02,2025-04-13,11
spinach,vegetable,8.53,6.69,1.84,2025-04-02,2025-04-10,8
mutton,meat,8.57,8.55,0.02,2025-03-31,2025-04-26,26
potato,vegetable,18.07,17.03,1.04,2025-04-07,2025-04-19,12
cheese,dairy,17.14,15.84,1.3,2025-04-03,2025-04-20,17
chicken,meat,9.76,6.45,3.31,2025-03-26,2025-04-17,22
spinach,vegetable,8.76,4.69,4.07,2025-04-01,2025-04-16,15
beef,meat,19.83,18.92,0.91,2025-03-23,2025-03-27,4
milk,dairy,11.13,9.36,1.77,2025-03-31,2025-04-28,28
beef,meat,13.13,11.56,1.57,2025-04-01,2025-04-21,20
chicken,meat,2.02,1.21,0.81,2025-04-01,2025-04-09,8
milk,dairy,5.74,3.98,1.76,2025-04-02,2025-04-21,19
potato,vegetable,9.6,6.09,3.51,2025-04-07,2025-04-11,4
yogurt,dairy,6.44,5.81,0.63,2025-04-02,2025-04-19,17
mutton,meat,14.44,10.86,3.58,2025-03-29,2025-04-22,24
chicken,meat,1.34,0.79,0.55,2025-03-29,2025-04-26,28
yogurt,dairy,3.37,2.37,1.0,2025-03-31,2025-04-09,9
cheese,dairy,3.34,2.45,0.89,2025-03-27,2025-04-05,9
mutton,meat,6.21,3.83,2.38,2025-04-04,2025-05-01,27
chicken,meat,1.03,0.71,0.32,2025-03-30,2025-04-03,4
milk,dairy,11.74,11.17,0.57,2025-03-29,2025-04-21,23
yogurt,dairy,2.69,2.25,0.44,2025-04-02,2025-04-09,7
yogurt,dairy,14.1,13.62,0.48,2025-03-30,2025-04-04,5
spinach,vegetable,9.34,7.92,1.42,2025-04-04,2025-04-10,6
carrot,vegetable,17.39,16.13,1.26,2025-04-03,2025-04-15,12
yogurt,dairy,6.95,5.94,1.01,2025-04-04,2025-05-02,28
spinach,vegetable,10.44,8.62,1.82,2025-03-31,2025-04-03,3
carrot,vegetable,8.79,6.31,2.48,2025-04-01,2025-04-30,29
spinach,vegetable,13.61,9.1,4.51,2025-03-27,2025-04-25,29
chicken,meat,4.63,4.03,0.6,2025-03-25,2025-04-08,14
mutton,meat,2.69,2.31,0.38,2025-04-03,2025-05-02,29
yogurt,dairy,14.81,11.2,3.61,2025-04-01,2025-04-07,6
cheese,dairy,8.32,6.41,1.91,2025-03-31,2025-04-05,5
carrot,vegetable,2.02,1.1,0.92,2025-03-30,2025-04-16,17
chicken,meat,12.62,11.31,1.31,2025-03-25,2025-04-05,11
cheese,dairy,12.2,8.41,3.79,2025-03-24,2025-04-16,23
milk,dairy,8.77,4.9,3.87,2025-03-28,2025-04-17,20
beef,meat,14.63,10.15,4.48,2025-04-01,2025-05-01,30
mutton,meat,14.49,8.56,5.93,2025-03-24,2025-04-20,27
beef,meat,15.9,14.78,1.12,2025-04-06,2025-04-10,4
cheese,dairy,2.88,2.51,0.37,2025-04-01,2025-04-15,14
milk,dairy,19.36,9.89,9.47,2025-04-02,2025-04-05,3
milk,dairy,15.49,11.77,3.72,2025-03-24,2025-03-26,2
yogurt,dairy,18.61,15.67,2.94,2025-03-31,2025-04-11,11
milk,dairy,4.91,4.61,0.3,2025-04-04,2025-04-08,4
cheese,dairy,1.66,1.46,0.2,2025-03-24,2025-04-01,8
spinach,vegetable,12.69,11.98,0.71,2025-03-23,2025-04-05,13
cheese,dairy,2.24,2.12,0.12,2025-04-02,2025-04-13,11
mutton,meat,5.61,3.28,2.33,2025-04-07,2025-04-12,5
yogurt,dairy,18.12,12.92,5.2,2025-04-01,2025-04-11,10
cheese,dairy,16.08,12.67,3.41,2025-03-28,2025-04-12,15
yogurt,dairy,9.11,8.6,0.51,2025-04-07,2025-04-15,8
mutton,meat,1.36,1.08,0.28,2025-03-30,2025-04-17,18
beef,meat,4.52,3.44,1.08,2025-03-27,2025-04-12,16
cheese,dairy,11.07,7.65,3.42,2025-04-03,2025-04-15,12
cheese,dairy,11.69,7.62,4.07,2025-04-03,2025-04-26,23
beef,meat,16.65,12.66,3.99,2025-03-25,2025-04-01,7
cheese,dairy,17.4,9.09,8.31,2025-03-24,2025-04-06,13
potato,vegetable,7.01,5.19,1.82,2025-04-01,2025-04-14,13
milk,dairy,7.56,4.87,2.69,2025-03-26,2025-04-03,8
beef,meat,16.62,14.85,1.77,2025-03-26,2025-03-28,2
chicken,meat,7.53,4.78,2.75,2025-03-26,2025-04-06,11
yogurt,dairy,2.99,1.69,1.3,2025-04-03,2025-04-29,26
beef,meat,14.47,10.31,4.16,2025-04-03,2025-04-06,3
cheese,dairy,6.7,4.74,1.96,2025-04-02,2025-04-07,5
yogurt,dairy,13.34,11.99,1.35,2025-03-25,2025-04-11,17
carrot,vegetable,7.68,4.91,2.77,2025-04-02,2025-04-20,18
beef,meat,10.84,9.52,1.32,2025-03-24,2025-03-30,6
mutton,meat,16.25,12.64,3.61,2025-04-03,2025-04-06,3
mutton,meat,1.84,1.46,0.38,2025-04-06,2025-04-20,14
beef,meat,12.49,10.13,2.36,2025-04-07,2025-04-23,16
yogurt,dairy,2.77,1.77,1.0,2025-04-04,2025-04-23,19
beef,meat,13.07,10.08,2.99,2025-03-23,2025-03-30,7
mutton,meat,13.03,8.63,4.4,2025-03-30,2025-04-17,18
chicken,meat,10.38,9.34,1.04,2025-03-27,2025-04-03,7
chicken,meat,17.99,9.22,8.77,2025-03-27,2025-04-21,25
carrot,vegetable,7.75,6.35,1.4,2025-03-26,2025-04-14,19
yogurt,dairy,1.54,1.49,0.05,2025-03-23,2025-04-09,17
cheese,dairy,13.56,9.33,4.23,2025-03-30,2025-04-16,17
yogurt,dairy,1.74,1.18,0.56,2025-04-04,2025-04-13,9
potato,vegetable,18.19,16.0,2.19,2025-04-05,2025-04-09,4
milk,dairy,6.09,5.62,0.47,2025-03-24,2025-04-12,19
yogurt,dairy,5.57,4.94,0.63,2025-04-04,2025-04-13,9
carrot,vegetable,10.92,7.39,3.53,2025-04-03,2025-05-03,30
potato,vegetable,17.21,11.4,5.81,2025-03-25,2025-03-31,6
potato,vegetable,10.06,5.7,4.36,2025-04-07,2025-04-27,20
carrot,vegetable,9.7,7.02,2.68,2025-03-28,2025-04-26,29
cheese,dairy,2.76,2.29,0.47,2025-04-04,2025-04-12,8
carrot,vegetable,19.08,9.85,9.23,2025-04-02,2025-04-26,24
beef,meat,9.89,9.31,0.58,2025-04-02,2025-04-30,28
potato,vegetable,15.58,14.95,0.63,2025-03-26,2025-03-31,5
potato,vegetable,5.54,4.65,0.89,2025-03-26,2025-04-01,6
mutton,meat,15.89,14.53,1.36,2025-04-03,2025-04-07,4
carrot,vegetable,15.93,15.22,0.71,2025-04-02,2025-04-29,27
mutton,meat,19.41,15.09,4.32,2025-04-02,2025-04-04,2
cheese,dairy,15.64,15.58,0.06,2025-03-30,2025-04-08,9
spinach,vegetable,15.83,13.88,1.95,2025-03-30,2025-04-14,15
spinach,vegetable,7.9,6.12,1.78,2025-03-25,2025-03-30,5
potato,vegetable,3.39,1.79,1.6,2025-03-28,2025-04-08,11
chicken,meat,5.81,5.08,0.73,2025-03-30,2025-04-09,10
spinach,vegetable,14.85,11.61,3.24,2025-03-26,2025-04-05,10
yogurt,dairy,4.63,4.6,0.03,2025-04-01,2025-04-13,12
mutton,meat,15.37,8.3,7.07,2025-04-01,2025-04-03,2
spinach,vegetable,1.24,1.01,0.23,2025-03-26,2025-04-06,11
mutton,meat,12.25,9.59,2.66,2025-03-30,2025-04-24,25
cheese,dairy,8.77,7.6,1.17,2025-04-01,2025-04-20,19
spinach,vegetable,2.12,1.94,0.18,2025-03-25,2025-03-31,6
carrot,vegetable,17.21,11.65,5.56,2025-04-01,2025-04-04,3
spinach,vegetable,11.85,8.07,3.78,2025-03-26,2025-03-29,3
chicken,meat,19.39,12.19,7.2,2025-04-02,2025-04-22,20
cheese,dairy,18.54,13.09,5.45,2025-03-23,2025-04-15,23
yogurt,dairy,6.38,3.38,3.0,2025-04-07,2025-04-28,21
mutton,meat,18.13,15.39,2.74,2025-04-02,2025-05-02,30
mutton,meat,12.78,7.64,5.14,2025-04-07,2025-05-01,24
mutton,meat,3.68,2.46,1.22,2025-03-28,2025-04-21,24
carrot,vegetable,13.22,11.85,1.37,2025-03-30,2025-04-10,11
chicken,meat,10.02,6.39,3.63,2025-04-04,2025-04-14,10
milk,dairy,18.22,16.11,2.11,2025-04-06,2025-04-10,4
carrot,vegetable,13.18,6.68,6.5,2025-04-07,2025-04-21,14
cheese,dairy,6.1,4.11,1.99,2025-03-26,2025-04-20,25
cheese,dairy,17.44,11.15,6.29,2025-03-26,2025-04-22,27
carrot,vegetable,18.12,14.89,3.23,2025-03-29,2025-04-09,11
cheese,dairy,16.9,13.74,3.16,2025-03-30,2025-04-03,4
beef,meat,7.12,5.2,1.92,2025-04-01,2025-04-04,3
milk,dairy,11.35,6.98,4.37,2025-03-30,2025-04-05,6
cheese,dairy,14.68,7.48,7.2,2025-03-24,2025-04-12,19
mutton,meat,18.1,12.4,5.7,2025-04-06,2025-05-03,27
milk,dairy,1.54,1.19,0.35,2025-03-27,2025-03-29,2
milk,dairy,7.79,6.05,1.74,2025-04-02,2025-04-16,14
yogurt,dairy,5.93,5.03,0.9,2025-04-06,2025-05-01,25
cheese,dairy,17.49,15.24,2.25,2025-04-07,2025-04-30,23
chicken,meat,19.89,19.24,0.65,2025-04-04,2025-04-22,18
chicken,meat,16.28,15.25,1.03,2025-03-28,2025-03-30,2
yogurt,dairy,6.49,5.62,0.87,2025-03-25,2025-04-10,16
cheese,dairy,16.14,12.15,3.99,2025-03-24,2025-04-04,11
chicken,meat,15.64,12.17,3.47,2025-03-30,2025-04-13,14
beef,meat,17.77,15.07,2.7,2025-04-04,2025-05-03,29
yogurt,dairy,6.31,4.48,1.83,2025-03-28,2025-04-03,6
mutton,meat,17.4,12.6,4.8,2025-03-24,2025-04-04,11
beef,meat,1.53,1.18,0.35,2025-04-06,2025-04-23,17
milk,dairy,18.56,18.4,0.16,2025-03-28,2025-04-11,14
beef,meat,2.89,1.52,1.37,2025-04-03,2025-04-07,4
milk,dairy,14.36,8.15,6.21,2025-04-06,2025-05-01,25
beef,meat,8.3,5.56,2.74,2025-04-07,2025-05-02,25
yogurt,dairy,4.54,3.45,1.09,2025-04-01,2025-04-13,12
cheese,dairy,2.84,1.98,0.86,2025-03-30,2025-04-16,17
spinach,vegetable,16.91,13.55,3.36,2025-03-26,2025-04-02,7
spinach,vegetable,1.77,1.17,0.6,2025-03-27,2025-04-08,12
cheese,dairy,15.0,9.29,5.71,2025-03-24,2025-04-02,9
yogurt,dairy,13.98,10.67,3.31,2025-03-23,2025-04-15,23
spinach,vegetable,5.77,3.57,2.2,2025-03-30,2025-04-04,5
spinach,vegetable,8.06,4.88,3.18,2025-03-31,2025-04-05,5
milk,dairy,6.49,3.31,3.18,2025-03-28,2025-04-23,26
yogurt,dairy,16.23,8.14,8.09,2025-03-31,2025-04-16,16
spinach,vegetable,7.0,4.23,2.77,2025-03-27,2025-04-08,12
chicken,meat,18.71,13.62,5.09,2025-04-02,2025-04-13,11
carrot,vegetable,7.31,4.49,2.82,2025-04-01,2025-04-13,12
milk,dairy,8.94,8.57,0.37,2025-03-29,2025-04-27,29
beef,meat,1.37,1.28,0.09,2025-04-01,2025-05-01,30
chicken,meat,6.52,5.8,0.72,2025-04-06,2025-04-24,18
chicken,meat,2.11,1.74,0.37,2025-04-02,2025-04-20,18
carrot,vegetable,9.92,9.72,0.2,2025-04-05,2025-04-26,21
milk,dairy,17.9,13.14,4.76,2025-04-04,2025-04-14,10
yogurt,dairy,1.63,1.09,0.54,2025-04-04,2025-05-01,27
beef,meat,4.37,2.5,1.87,2025-03-26,2025-04-25,30
yogurt,dairy,17.63,15.89,1.74,2025-03-31,2025-04-22,22
beef,meat,19.07,14.69,4.38,2025-04-05,2025-04-22,17
yogurt,dairy,5.83,5.3,0.53,2025-03-25,2025-04-12,18
beef,meat,18.33,14.68,3.65,2025-03-26,2025-04-16,21
chicken,meat,7.01,4.84,2.17,2025-03-29,2025-04-14,16
beef,meat,4.45,3.47,0.98,2025-04-06,2025-05-06,30
potato,vegetable,8.77,8.16,0.61,2025-03-24,2025-04-11,18
beef,meat,14.38,9.73,4.65,2025-04-06,2025-05-04,28
cheese,dairy,10.99,10.79,0.2,2025-03-29,2025-04-07,9
mutton,meat,9.47,5.14,4.33,2025-03-29,2025-04-08,10
mutton,meat,14.48,8.55,5.93,2025-03-30,2025-04-18,19
spinach,vegetable,9.33,5.76,3.57,2025-04-07,2025-04-19,12
chicken,meat,15.7,14.22,1.48,2025-03-31,2025-04-15,15
potato,vegetable,7.38,5.25,2.13,2025-04-07,2025-04-19,12
potato,vegetable,19.3,13.61,5.69,2025-04-03,2025-04-15,12
cheese,dairy,12.27,7.96,4.31,2025-03-30,2025-04-23,24
cheese,dairy,16.59,10.44,6.15,2025-03-31,2025-04-12,12
mutton,meat,8.84,6.99,1.85,2025-03-30,2025-04-03,4
spinach,vegetable,14.48,8.43,6.05,2025-04-02,2025-04-29,27
beef,meat,14.8,9.69,5.11,2025-03-30,2025-04-07,8
beef,meat,14.83,11.26,3.57,2025-04-01,2025-04-18,17
milk,dairy,17.56,13.48,4.08,2025-04-05,2025-04-18,13
carrot,vegetable,17.32,17.29,0.03,2025-03-23,2025-04-21,29
yogurt,dairy,16.89,15.27,1.62,2025-03-26,2025-04-01,6
yogurt,dairy,2.93,1.88,1.05,2025-04-04,2025-04-21,17
cheese,dairy,18.68,14.24,4.44,2025-03-26,2025-04-06,11
carrot,vegetable,11.26,6.42,4.84,2025-03-23,2025-03-29,6
beef,meat,12.13,8.45,3.68,2025-03-29,2025-04-06,8
yogurt,dairy,17.93,11.85,6.08,2025-03-26,2025-04-01,6
spinach,vegetable,4.94,2.96,1.98,2025-04-06,2025-04-15,9
potato,vegetable,13.26,13.14,0.12,2025-04-03,2025-04-15,12
spinach,vegetable,4.97,3.9,1.07,2025-04-02,2025-04-30,28
milk,dairy,18.47,12.08,6.39,2025-03-29,2025-04-22,24
beef,meat,3.42,2.2,1.22,2025-04-01,2025-04-08,7
spinach,vegetable,9.98,7.81,2.17,2025-04-05,2025-04-28,23
mutton,meat,1.71,1.46,0.25,2025-03-23,2025-04-04,12
cheese,dairy,19.42,18.21,1.21,2025-03-29,2025-04-20,22
spinach,vegetable,11.29,7.46,3.83,2025-04-03,2025-04-16,13
cheese,dairy,10.45,9.68,0.77,2025-04-06,2025-05-02,26
mutton,meat,6.25,4.48,1.77,2025-03-30,2025-04-25,26
carrot,vegetable,19.33,16.72,2.61,2025-03-24,2025-04-07,14
mutton,meat,19.73,10.17,9.56,2025-04-03,2025-04-20,17
mutton,meat,4.28,4.08,0.2,2025-04-04,2025-04-21,17
milk,dairy,9.88,5.07,4.81,2025-03-29,2025-04-06,8
cheese,dairy,14.09,8.15,5.94,2025-03-29,2025-04-14,16
mutton,meat,15.89,15.08,0.81,2025-03-29,2025-04-25,27
beef,meat,10.26,6.58,3.68,2025-03-30,2025-04-18,19
carrot,vegetable,6.49,3.31,3.18,2025-03-25,2025-04-22,28
mutton,meat,10.76,9.94,0.82,2025-03-25,2025-04-02,8
carrot,vegetable,16.84,16.32,0.52,2025-04-06,2025-05-04,28
beef,meat,3.84,3.13,0.71,2025-04-07,2025-04-18,11
potato,vegetable,17.12,16.69,0.43,2025-03-31,2025-04-17,17
mutton,meat,17.72,15.8,1.92,2025-03-25,2025-04-14,20
mutton,meat,14.64,12.34,2.3,2025-03-23,2025-04-13,21
cheese,dairy,10.55,6.15,4.4,2025-04-02,2025-04-18,16
cheese,dairy,19.27,13.44,5.83,2025-03-25,2025-04-23,29
beef,meat,9.81,7.52,2.29,2025-03-30,2025-04-24,25
spinach,vegetable,3.58,2.61,0.97,2025-04-05,2025-05-01,26
yogurt,dairy,2.5,2.43,0.07,2025-03-31,2025-04-28,28
milk,dairy,15.85,14.17,1.68,2025-03-24,2025-04-16,23
milk,dairy,17.49,16.2,1.29,2025-04-06,2025-05-01,25
potato,vegetable,3.41,2.18,1.23,2025-03-30,2025-04-10,11
cheese,dairy,18.55,11.76,6.79,2025-03-25,2025-04-23,29
beef,meat,2.5,1.59,0.91,2025-03-26,2025-04-15,20
milk,dairy,5.43,5.4,0.03,2025-03-29,2025-04-17,19
carrot,vegetable,2.57,2.51,0.06,2025-03-27,2025-04-11,15
yogurt,dairy,16.77,15.0,1.77,2025-04-05,2025-05-01,26
carrot,vegetable,13.64,6.87,6.77,2025-03-26,2025-04-25,30
beef,meat,11.03,6.78,4.25,2025-04-06,2025-04-11,5
carrot,vegetable,7.21,4.42,2.79,2025-04-01,2025-04-05,4
cheese,dairy,11.99,7.75,4.24,2025-04-07,2025-05-05,28
cheese,dairy,16.4,8.48,7.92,2025-03-30,2025-04-16,17
spinach,vegetable,7.34,4.18,3.16,2025-04-01,2025-04-18,17
chicken,meat,12.36,6.77,5.59,2025-03-30,2025-04-13,14
spinach,vegetable,11.74,9.9,1.84,2025-03-26,2025-04-25,30
spinach,vegetable,16.38,10.32,6.06,2025-04-05,2025-04-26,21
potato,vegetable,15.65,12.39,3.26,2025-03-28,2025-04-17,20
carrot,vegetable,8.53,4.62,3.91,2025-03-29,2025-04-12,14
chicken,meat,8.84,8.81,0.03,2025-04-05,2025-04-20,15
potato,vegetable,1.68,1.15,0.53,2025-03-30,2025-04-09,10
chicken,meat,12.33,7.42,4.91,2025-04-04,2025-04-20,16
mutton,meat,7.29,6.7,0.59,2025-04-04,2025-04-29,25
carrot,vegetable,18.89,14.92,3.97,2025-04-07,2025-04-18,11
chicken,meat,5.85,5.17,0.68,2025-04-05,2025-04-14,9
mutton,meat,11.4,8.23,3.17,2025-03-31,2025-04-18,18
cheese,dairy,10.3,5.67,4.63,2025-03-30,2025-04-13,14
beef,meat,19.82,19.44,0.38,2025-03-25,2025-04-11,17
milk,dairy,8.35,6.21,2.14,2025-04-01,2025-04-19,18
milk,dairy,19.24,15.53,3.71,2025-04-03,2025-04-19,16
yogurt,dairy,11.42,7.99,3.43,2025-04-05,2025-04-12,7
spinach,vegetable,9.2,7.36,1.84,2025-03-24,2025-03-27,3
beef,meat,7.66,4.87,2.79,2025-04-07,2025-05-05,28
mutton,meat,13.54,12.19,1.35,2025-04-04,2025-04-23,19
cheese,dairy,14.6,7.59,7.01,2025-03-24,2025-04-14,21
spinach,vegetable,15.4,10.41,4.99,2025-03-23,2025-03-28,5
spinach,vegetable,3.13,1.63,1.5,2025-04-06,2025-05-02,26
potato,vegetable,15.29,14.07,1.22,2025-03-28,2025-04-13,16
potato,vegetable,3.24,2.77,0.47,2025-03-28,2025-04-09,12
cheese,dairy,5.92,4.66,1.26,2025-04-04,2025-04-14,10
yogurt,dairy,10.82,5.85,4.97,2025-03-27,2025-04-20,24
chicken,meat,2.39,1.69,0.7,2025-03-23,2025-03-29,6
cheese,dairy,7.81,4.9,2.91,2025-04-01,2025-04-30,29
yogurt,dairy,11.42,10.22,1.2,2025-03-24,2025-04-04,11
yogurt,dairy,16.0,13.47,2.53,2025-03-30,2025-04-08,9
beef,meat,4.9,4.58,0.32,2025-03-23,2025-04-13,21
chicken,meat,18.3,14.85,3.45,2025-04-05,2025-05-05,30
potato,vegetable,5.04,3.05,1.99,2025-03-27,2025-04-23,27
chicken,meat,3.06,2.37,0.69,2025-04-04,2025-04-27,23
carrot,vegetable,19.04,17.41,1.63,2025-04-04,2025-04-20,16
beef,meat,10.28,6.42,3.86,2025-03-28,2025-04-12,15
mutton,meat,18.17,14.81,3.36,2025-04-07,2025-04-26,19
mutton,meat,3.29,2.57,0.72,2025-03-26,2025-04-12,17
spinach,vegetable,19.08,12.02,7.06,2025-03-26,2025-04-14,19
potato,vegetable,7.67,3.96,3.71,2025-04-01,2025-04-03,2
spinach,vegetable,18.23,17.76,0.47,2025-04-06,2025-04-15,9
chicken,meat,9.42,6.41,3.01,2025-03-24,2025-04-23,30
chicken,meat,18.82,9.86,8.96,2025-04-04,2025-04-29,25
carrot,vegetable,8.58,6.64,1.94,2025-04-04,2025-04-13,9
cheese,dairy,9.67,6.76,2.91,2025-04-07,2025-04-21,14
milk,dairy,17.89,10.12,7.77,2025-03-25,2025-04-03,9
beef,meat,13.26,9.58,3.68,2025-03-25,2025-04-08,14
spinach,vegetable,4.15,3.15,1.0,2025-04-02,2025-04-10,8
beef,meat,10.9,6.69,4.21,2025-03-25,2025-03-28,3
chicken,meat,13.17,7.55,5.62,2025-03-27,2025-04-19,23
potato,vegetable,8.22,7.67,0.55,2025-04-05,2025-05-05,30
potato,vegetable,12.75,6.6,6.15,2025-04-03,2025-04-09,6
cheese,dairy,14.51,8.73,5.78,2025-03-30,2025-04-15,16
spinach,vegetable,6.31,5.21,1.1,2025-03-31,2025-04-04,4
potato,vegetable,14.14,7.45,6.69,2025-03-28,2025-04-09,12
chicken,meat,14.77,12.78,1.99,2025-04-06,2025-04-24,18
beef,meat,1.51,1.07,0.44,2025-03-27,2025-03-30,3
cheese,dairy,16.0,13.31,2.69,2025-04-05,2025-04-19,14
mutton,meat,3.13,2.74,0.39,2025-03-25,2025-04-20,26
cheese,dairy,1.12,0.97,0.15,2025-03-29,2025-04-20,22
carrot,vegetable,7.1,6.04,1.06,2025-03-30,2025-04-02,3
potato,vegetable,6.32,4.6,1.72,2025-03-28,2025-04-23,26
spinach,vegetable,18.77,13.92,4.85,2025-03-31,2025-04-10,10
potato,vegetable,19.34,12.05,7.29,2025-04-02,2025-04-19,17
carrot,vegetable,2.81,1.68,1.13,2025-03-24,2025-04-03,10
chicken,meat,19.0,12.78,6.22,2025-04-07,2025-05-03,26
yogurt,dairy,15.6,8.98,6.62,2025-03-25,2025-03-27,2
yogurt,dairy,15.82,9.89,5.93,2025-03-28,2025-04-24,27
yogurt,dairy,7.65,7.21,0.44,2025-03-26,2025-04-18,23
carrot,vegetable,10.44,8.66,1.78,2025-04-07,2025-04-25,18
mutton,meat,1.21,0.93,0.28,2025-03-24,2025-04-01,8
mutton,meat,1.53,1.28,0.25,2025-04-02,2025-04-28,26
milk,dairy,19.46,10.07,9.39,2025-03-24,2025-04-22,29
mutton,meat,11.5,7.14,4.36,2025-04-03,2025-04-09,6
yogurt,dairy,3.49,3.41,0.08,2025-03-23,2025-04-07,15
chicken,meat,7.12,6.1,1.02,2025-03-29,2025-04-13,15
chicken,meat,3.29,2.27,1.02,2025-04-05,2025-04-27,22
beef,meat,1.47,0.96,0.51,2025-03-27,2025-04-15,19
chicken,meat,8.42,7.0,1.42,2025-04-07,2025-04-20,13
mutton,meat,16.84,14.58,2.26,2025-04-06,2025-04-09,3
carrot,vegetable,3.84,2.95,0.89,2025-04-03,2025-04-13,10
potato,vegetable,8.86,8.66,0.2,2025-03-24,2025-04-08,15
spinach,vegetable,9.67,9.5,0.17,2025-03-29,2025-04-28,30
carrot,vegetable,15.8,8.34,7.46,2025-04-02,2025-04-16,14
cheese,dairy,10.14,5.1,5.04,2025-03-27,2025-04-20,24
yogurt,dairy,4.44,3.65,0.79,2025-03-25,2025-04-07,13
cheese,dairy,6.94,5.68,1.26,2025-03-29,2025-04-18,20
carrot,vegetable,11.69,7.93,3.76,2025-03-28,2025-04-02,5
mutton,meat,12.11,11.03,1.08,2025-04-03,2025-05-03,30
cheese,dairy,14.78,9.19,5.59,2025-04-02,2025-04-25,23
milk,dairy,2.49,2.08,0.41,2025-03-23,2025-04-08,16
potato,vegetable,10.35,5.71,4.64,2025-03-23,2025-04-19,27
beef,meat,2.28,2.11,0.17,2025-03-31,2025-04-04,4
chicken,meat,19.87,15.08,4.79,2025-04-02,2025-04-11,9
potato,vegetable,8.76,5.08,3.68,2025-04-03,2025-04-16,13
potato,vegetable,3.43,2.86,0.57,2025-03-31,2025-04-05,5
cheese,dairy,3.7,3.54,0.16,2025-03-29,2025-04-14,16
milk,dairy,10.72,10.1,0.62,2025-03-25,2025-04-14,20
yogurt,dairy,1.27,0.89,0.38,2025-04-07,2025-04-27,20
yogurt,dairy,2.49,1.83,0.66,2025-04-03,2025-05-03,30
chicken,meat,9.52,7.54,1.98,2025-03-25,2025-04-20,26
spinach,vegetable,4.27,3.72,0.55,2025-04-05,2025-04-30,25
potato,vegetable,16.29,13.25,3.04,2025-03-27,2025-04-04,8
cheese,dairy,18.08,12.55,5.53,2025-03-23,2025-03-28,5
cheese,dairy,9.8,5.06,4.74,2025-03-23,2025-04-20,28
chicken,meat,5.51,5.45,0.06,2025-03-31,2025-04-08,8
spinach,vegetable,8.42,5.43,2.99,2025-04-04,2025-04-25,21
potato,vegetable,9.9,8.58,1.32,2025-04-01,2025-04-13,12
spinach,vegetable,1.76,1.39,0.37,2025-04-04,2025-04-22,18
yogurt,dairy,18.52,12.61,5.91,2025-04-05,2025-04-15,10
yogurt,dairy,1.9,1.89,0.01,2025-04-05,2025-04-11,6
mutton,meat,6.66,4.25,2.41,2025-04-07,2025-05-02,25
potato,vegetable,8.38,8.12,0.26,2025-03-25,2025-04-10,16
chicken,meat,15.59,13.98,1.61,2025-04-01,2025-04-20,19
cheese,dairy,15.35,10.31,5.04,2025-03-23,2025-04-04,12
beef,meat,4.57,2.99,1.58,2025-03-30,2025-04-10,11
cheese,dairy,12.11,9.69,2.42,2025-04-07,2025-04-18,11
chicken,meat,2.26,2.13,0.13,2025-04-05,2025-04-23,18
carrot,vegetable,1.21,1.15,0.06,2025-04-06,2025-04-11,5
beef,meat,14.69,10.4,4.29,2025-04-06,2025-04-30,24
mutton,meat,17.9,9.58,8.32,2025-03-27,2025-04-17,21
potato,vegetable,1.16,0.88,0.28,2025-03-23,2025-04-01,9
cheese,dairy,1.22,1.06,0.16,2025-04-07,2025-04-25,18
yogurt,dairy,12.5,6.68,5.82,2025-03-30,2025-04-10,11
carrot,vegetable,9.46,5.56,3.9,2025-04-04,2025-04-06,2
mutton,meat,2.05,1.16,0.89,2025-04-06,2025-04-08,2
cheese,dairy,7.2,5.06,2.14,2025-03-24,2025-03-31,7
mutton,meat,1.88,1.0,0.88,2025-03-23,2025-04-14,22
carrot,vegetable,15.12,7.92,7.2,2025-04-06,2025-04-19,13
carrot,vegetable,11.94,9.44,2.5,2025-03-24,2025-04-04,11
milk,dairy,15.44,8.04,7.4,2025-03-29,2025-04-24,26
carrot,vegetable,14.55,11.82,2.73,2025-03-28,2025-04-17,20
beef,meat,17.25,9.87,7.38,2025-04-02,2025-04-26,24
mutton,meat,7.55,5.55,2.0,2025-03-28,2025-04-04,7
chicken,meat,4.61,4.03,0.58,2025-03-23,2025-04-07,15
spinach,vegetable,1.68,1.41,0.27,2025-04-07,2025-04-29,22
cheese,dairy,14.02,9.52,4.5,2025-03-25,2025-04-20,26
chicken,meat,10.47,6.7,3.77,2025-03-30,2025-04-13,14
potato,vegetable,17.41,12.63,4.78,2025-03-24,2025-04-02,9
mutton,meat,1.53,1.27,0.26,2025-03-28,2025-03-30,2
cheese,dairy,15.14,11.6,3.54,2025-04-02,2025-04-12,10
mutton,meat,5.82,5.7,0.12,2025-04-01,2025-04-14,13
yogurt,dairy,6.15,4.29,1.86,2025-04-02,2025-04-12,10
carrot,vegetable,9.88,5.07,4.81,2025-03-30,2025-04-03,4
chicken,meat,11.13,6.52,4.61,2025-03-26,2025-04-22,27
beef,meat,15.96,11.55,4.41,2025-03-30,2025-04-12,13
spinach,vegetable,18.5,13.45,5.05,2025-03-27,2025-04-05,9
chicken,meat,9.19,5.79,3.4,2025-03-24,2025-03-31,7
spinach,vegetable,3.25,2.79,0.46,2025-03-28,2025-04-14,17
carrot,vegetable,9.54,7.36,2.18,2025-03-29,2025-04-23,25
potato,vegetable,15.01,9.78,5.23,2025-04-04,2025-04-19,15
potato,vegetable,17.18,14.29,2.89,2025-03-27,2025-04-04,8
carrot,vegetable,14.81,13.31,1.5,2025-03-23,2025-04-03,11
carrot,vegetable,3.32,2.19,1.13,2025-03-26,2025-04-24,29
cheese,dairy,4.6,3.01,1.59,2025-03-28,2025-04-22,25
chicken,meat,16.8,15.15,1.65,2025-04-02,2025-05-01,29
cheese,dairy,13.17,8.68,4.49,2025-04-07,2025-05-04,27
carrot,vegetable,5.36,3.97,1.39,2025-03-27,2025-04-23,27
mutton,meat,1.8,1.45,0.35,2025-03-25,2025-03-27,2
cheese,dairy,15.81,11.29,4.52,2025-04-05,2025-05-05,30
spinach,vegetable,13.7,11.85,1.85,2025-03-31,2025-04-14,14
beef,meat,5.83,4.81,1.02,2025-03-24,2025-04-18,25
chicken,meat,2.41,1.32,1.09,2025-04-05,2025-05-01,26
chicken,meat,8.55,5.29,3.26,2025-03-31,2025-04-11,11
mutton,meat,12.01,7.78,4.23,2025-03-25,2025-03-27,2
yogurt,dairy,14.07,10.29,3.78,2025-03-30,2025-04-28,29
potato,vegetable,8.04,4.39,3.65,2025-04-04,2025-04-23,19
milk,dairy,2.33,1.67,0.66,2025-03-30,2025-04-24,25
beef,meat,3.75,2.32,1.43,2025-03-31,2025-04-13,13
mutton,meat,19.75,10.16,9.59,2025-04-06,2025-04-10,4
beef,meat,8.91,8.84,0.07,2025-03-24,2025-04-07,14
beef,meat,6.54,3.29,3.25,2025-03-23,2025-04-19,27
cheese,dairy,9.93,6.81,3.12,2025-03-25,2025-04-06,12
mutton,meat,15.7,11.92,3.78,2025-04-03,2025-05-02,29
potato,vegetable,11.38,11.04,0.34,2025-03-30,2025-04-22,23
beef,meat,16.57,10.29,6.28,2025-03-29,2025-04-25,27
beef,meat,18.19,16.12,2.07,2025-03-31,2025-04-25,25
milk,dairy,7.99,4.27,3.72,2025-03-29,2025-04-20,22
spinach,vegetable,15.95,12.18,3.77,2025-03-31,2025-04-24,24
beef,meat,9.24,7.88,1.36,2025-04-05,2025-04-11,6
cheese,dairy,7.77,7.01,0.76,2025-03-26,2025-03-30,4
mutton,meat,2.25,1.98,0.27,2025-04-04,2025-04-24,20
spinach,vegetable,10.79,7.44,3.35,2025-04-02,2025-04-06,4
cheese,dairy,6.73,4.72,2.01,2025-04-02,2025-04-11,9
chicken,meat,8.54,6.59,1.95,2025-04-05,2025-04-29,24
cheese,dairy,15.27,8.09,7.18,2025-04-02,2025-04-06,4
beef,meat,1.12,0.65,0.47,2025-03-30,2025-04-29,30
potato,vegetable,2.98,2.7,0.28,2025-03-31,2025-04-22,22
milk,dairy,7.48,4.23,3.25,2025-03-29,2025-04-04,6
chicken,meat,6.13,5.06,1.07,2025-03-30,2025-04-20,21
cheese,dairy,7.74,7.07,0.67,2025-04-06,2025-04-19,13
yogurt,dairy,13.78,9.16,4.62,2025-04-07,2025-05-07,30
mutton,meat,5.95,4.36,1.59,2025-04-01,2025-04-13,12
mutton,meat,11.85,10.03,1.82,2025-03-29,2025-04-05,7
mutton,meat,2.85,2.14,0.71,2025-03-27,2025-04-19,23
spinach,vegetable,11.0,9.88,1.12,2025-04-06,2025-04-23,17
chicken,meat,3.23,2.53,0.7,2025-03-24,2025-03-27,3
milk,dairy,9.21,5.14,4.07,2025-04-02,2025-04-27,25
beef,meat,1.64,1.53,0.11,2025-03-31,2025-04-24,24
spinach,vegetable,11.85,11.1,0.75,2025-03-31,2025-04-14,14
mutton,meat,4.9,2.94,1.96,2025-04-03,2025-04-11,8
yogurt,dairy,15.63,11.71,3.92,2025-04-02,2025-04-10,8
spinach,vegetable,1.58,0.96,0.62,2025-03-26,2025-04-14,19
milk,dairy,12.31,10.0,2.31,2025-03-23,2025-04-07,15
spinach,vegetable,19.25,14.0,5.25,2025-04-07,2025-04-13,6
yogurt,dairy,5.59,5.36,0.23,2025-03-29,2025-04-03,5
carrot,vegetable,4.75,2.84,1.91,2025-04-07,2025-05-03,26
yogurt,dairy,17.82,16.7,1.12,2025-04-02,2025-04-26,24
beef,meat,19.26,12.23,7.03,2025-03-29,2025-04-10,12
mutton,meat,1.32,1.26,0.06,2025-03-31,2025-04-10,10
potato,vegetable,10.61,8.54,2.07,2025-04-03,2025-04-24,21
beef,meat,6.31,4.83,1.48,2025-04-03,2025-04-08,5
mutton,meat,3.99,3.41,0.58,2025-03-31,2025-04-27,27
potato,vegetable,15.4,8.92,6.48,2025-03-25,2025-04-09,15
milk,dairy,5.33,4.87,0.46,2025-03-28,2025-04-08,11
beef,meat,7.14,4.62,2.52,2025-04-07,2025-04-16,9
mutton,meat,16.2,15.32,0.88,2025-03-29,2025-04-27,29
cheese,dairy,17.07,15.94,1.13,2025-03-30,2025-04-26,27
spinach,vegetable,5.87,5.05,0.82,2025-04-04,2025-04-14,10
cheese,dairy,17.65,13.12,4.53,2025-03-30,2025-04-14,15
chicken,meat,17.59,13.28,4.31,2025-04-06,2025-04-13,7
mutton,meat,19.67,14.3,5.37,2025-04-06,2025-05-03,27
spinach,vegetable,18.89,13.05,5.84,2025-03-30,2025-04-07,8
chicken,meat,8.53,4.27,4.26,2025-04-04,2025-04-13,9
carrot,vegetable,4.8,4.34,0.46,2025-04-05,2025-05-02,27
potato,vegetable,13.45,12.38,1.07,2025-04-02,2025-05-02,30
cheese,dairy,11.74,6.46,5.28,2025-03-29,2025-04-11,13
potato,vegetable,3.49,2.29,1.2,2025-03-28,2025-04-16,19
beef,meat,7.91,6.65,1.26,2025-04-03,2025-04-07,4
cheese,dairy,13.8,8.26,5.54,2025-03-24,2025-04-07,14
potato,vegetable,15.16,8.06,7.1,2025-04-03,2025-04-05,2
milk,dairy,1.0,0.96,0.04,2025-03-25,2025-03-28,3
spinach,vegetable,16.07,13.05,3.02,2025-04-02,2025-04-22,20
chicken,meat,19.57,14.73,4.84,2025-03-28,2025-03-30,2
mutton,meat,11.86,7.69,4.17,2025-03-24,2025-03-30,6
spinach,vegetable,5.48,4.62,0.86,2025-04-02,2025-04-11,9
mutton,meat,14.92,11.9,3.02,2025-03-24,2025-03-31,7
chicken,meat,1.5,1.02,0.48,2025-03-25,2025-04-11,17
mutton,meat,8.71,6.48,2.23,2025-04-07,2025-04-18,11
carrot,vegetable,5.43,5.24,0.19,2025-03-31,2025-04-08,8
spinach,vegetable,16.74,13.22,3.52,2025-04-05,2025-04-17,12
milk,dairy,11.79,9.49,2.3,2025-03-31,2025-04-03,3
yogurt,dairy,4.03,3.63,0.4,2025-03-30,2025-04-10,11
spinach,vegetable,6.19,5.16,1.03,2025-04-05,2025-04-18,13
potato,vegetable,9.88,6.49,3.39,2025-04-05,2025-05-04,29
beef,meat,19.69,18.29,1.4,2025-04-03,2025-04-23,20
spinach,vegetable,2.93,1.99,0.94,2025-03-25,2025-03-31,6
carrot,vegetable,8.78,8.69,0.09,2025-03-25,2025-04-11,17
chicken,meat,8.77,6.68,2.09,2025-03-24,2025-04-05,12
carrot,vegetable,16.48,13.47,3.01,2025-04-05,2025-04-23,18
mutton,meat,9.88,8.37,1.51,2025-04-06,2025-04-13,7
yogurt,dairy,11.72,9.97,1.75,2025-04-05,2025-04-20,15
milk,dairy,13.39,7.38,6.01,2025-04-06,2025-04-23,17
milk,dairy,11.24,9.29,1.95,2025-03-30,2025-04-07,8
potato,vegetable,2.97,2.73,0.24,2025-04-07,2025-04-23,16
potato,vegetable,17.96,13.23,4.73,2025-04-04,2025-05-03,29
mutton,meat,17.34,8.89,8.45,2025-03-30,2025-04-23,24
chicken,meat,10.62,6.65,3.97,2025-03-23,2025-03-28,5
spinach,vegetable,10.96,9.23,1.73,2025-03-26,2025-04-25,30
milk,dairy,19.18,17.66,1.52,2025-04-03,2025-04-12,9
chicken,meat,3.86,2.63,1.23,2025-03-31,2025-04-27,27
potato,vegetable,17.56,15.74,1.82,2025-03-25,2025-04-22,28
cheese,dairy,6.79,4.82,1.97,2025-03-25,2025-04-04,10
beef,meat,13.86,10.53,3.33,2025-03-26,2025-03-29,3
potato,vegetable,15.92,12.25,3.67,2025-03-29,2025-04-04,6
potato,vegetable,7.42,3.82,3.6,2025-03-24,2025-03-30,6
cheese,dairy,14.2,12.66,1.54,2025-03-24,2025-04-17,24
cheese,dairy,3.73,2.28,1.45,2025-04-02,2025-04-23,21
chicken,meat,12.79,12.17,0.62,2025-04-03,2025-05-03,30
cheese,dairy,12.32,6.84,5.48,2025-03-23,2025-04-12,20
chicken,meat,7.82,4.6,3.22,2025-04-01,2025-04-13,12
chicken,meat,17.14,14.41,2.73,2025-04-02,2025-04-23,21
carrot,vegetable,3.01,2.04,0.97,2025-03-23,2025-04-19,27
potato,vegetable,8.93,7.49,1.44,2025-04-03,2025-04-29,26
chicken,meat,3.97,2.39,1.58,2025-04-05,2025-04-18,13
beef,meat,8.38,5.46,2.92,2025-04-03,2025-04-28,25
mutton,meat,13.43,11.96,1.47,2025-04-06,2025-05-05,29
carrot,vegetable,7.43,5.29,2.14,2025-03-24,2025-04-20,27
spinach,vegetable,18.14,13.73,4.41,2025-03-28,2025-04-25,28
carrot,vegetable,12.29,7.4,4.89,2025-04-07,2025-04-21,14
spinach,vegetable,9.41,5.87,3.54,2025-03-26,2025-04-01,6
carrot,vegetable,13.37,12.69,0.68,2025-03-23,2025-04-08,16
spinach,vegetable,9.27,8.14,1.13,2025-03-27,2025-04-16,20
cheese,dairy,4.36,3.21,1.15,2025-03-29,2025-04-16,18
cheese,dairy,10.61,5.85,4.76,2025-04-01,2025-05-01,30
beef,meat,7.79,5.4,2.39,2025-03-28,2025-04-07,10
spinach,vegetable,19.9,11.82,8.08,2025-03-23,2025-04-18,26
mutton,meat,12.29,10.53,1.76,2025-03-30,2025-04-20,21
mutton,meat,3.89,1.97,1.92,2025-04-06,2025-05-01,25
beef,meat,17.87,12.64,5.23,2025-04-05,2025-04-16,11
chicken,meat,9.85,6.66,3.19,2025-04-06,2025-04-29,23
yogurt,dairy,6.46,4.98,1.48,2025-04-02,2025-04-21,19
cheese,dairy,10.99,7.8,3.19,2025-03-30,2025-04-28,29
chicken,meat,15.67,14.25,1.42,2025-04-02,2025-04-11,9
carrot,vegetable,16.65,15.81,0.84,2025-04-03,2025-04-15,12
cheese,dairy,13.39,12.78,0.61,2025-03-28,2025-03-31,3
milk,dairy,19.58,17.59,1.99,2025-04-01,2025-04-27,26
potato,vegetable,7.17,5.42,1.75,2025-03-31,2025-04-02,2
carrot,vegetable,11.54,7.52,4.02,2025-04-07,2025-04-21,14
potato,vegetable,5.29,2.8,2.49,2025-03-27,2025-03-29,2
mutton,meat,13.69,11.05,2.64,2025-04-02,2025-04-20,18
cheese,dairy,17.11,11.16,5.95,2025-03-31,2025-04-20,20
potato,vegetable,6.07,5.16,0.91,2025-04-04,2025-05-02,28
chicken,meat,12.4,11.42,0.98,2025-03-26,2025-03-28,2
beef,meat,8.12,7.22,0.9,2025-03-28,2025-04-25,28
yogurt,dairy,7.12,6.72,0.4,2025-03-30,2025-04-26,27
carrot,vegetable,6.76,5.43,1.33,2025-04-06,2025-04-21,15
mutton,meat,19.26,14.89,4.37,2025-03-25,2025-04-17,23
spinach,vegetable,15.09,9.92,5.17,2025-03-23,2025-04-03,11
yogurt,dairy,18.06,13.13,4.93,2025-04-03,2025-04-17,14
mutton,meat,18.46,9.76,8.7,2025-04-05,2025-04-26,21
chicken,meat,15.17,10.68,4.49,2025-03-31,2025-04-24,24
potato,vegetable,11.33,9.05,2.28,2025-03-31,2025-04-04,4
yogurt,dairy,19.46,15.76,3.7,2025-04-05,2025-05-02,27
cheese,dairy,2.51,2.05,0.46,2025-04-02,2025-05-02,30
beef,meat,1.98,1.42,0.56,2025-03-29,2025-04-06,8
mutton,meat,15.04,12.23,2.81,2025-03-28,2025-04-22,25
yogurt,dairy,17.87,11.26,6.61,2025-03-28,2025-04-14,17
milk,dairy,9.01,6.01,3.0,2025-04-06,2025-05-02,26
cheese,dairy,19.48,18.61,0.87,2025-04-07,2025-04-09,2
spinach,vegetable,7.79,5.31,2.48,2025-04-05,2025-04-21,16
yogurt,dairy,7.65,3.95,3.7,2025-03-30,2025-04-16,17
milk,dairy,9.32,5.93,3.39,2025-04-01,2025-04-03,2
beef,meat,2.83,2.48,0.35,2025-03-25,2025-03-28,3
yogurt,dairy,12.39,8.02,4.37,2025-03-23,2025-04-13,21
spinach,vegetable,4.17,3.32,0.85,2025-04-06,2025-04-24,18
milk,dairy,12.2,8.87,3.33,2025-03-25,2025-04-20,26
chicken,meat,7.59,6.79,0.8,2025-03-31,2025-04-12,12
chicken,meat,13.12,7.73,5.39,2025-03-28,2025-04-27,30
cheese,dairy,11.09,6.86,4.23,2025-03-29,2025-04-10,12
beef,meat,7.58,4.26,3.32,2025-04-07,2025-05-04,27
carrot,vegetable,16.13,14.25,1.88,2025-04-04,2025-04-23,19
cheese,dairy,19.82,18.57,1.25,2025-03-30,2025-04-20,21
spinach,vegetable,7.23,5.19,2.04,2025-03-28,2025-04-18,21
milk,dairy,2.19,2.06,0.13,2025-04-07,2025-04-19,12
yogurt,dairy,10.32,5.74,4.58,2025-04-06,2025-05-04,28
chicken,meat,2.68,1.36,1.32,2025-04-04,2025-05-03,29
potato,vegetable,6.39,4.0,2.39,2025-04-04,2025-04-30,26
cheese,dairy,19.46,11.05,8.41,2025-04-01,2025-04-25,24
spinach,vegetable,13.86,13.77,0.09,2025-03-27,2025-04-15,19
mutton,meat,4.53,4.17,0.36,2025-03-23,2025-04-02,10
chicken,meat,1.15,0.59,0.56,2025-04-02,2025-04-27,25
yogurt,dairy,6.2,5.86,0.34,2025-03-30,2025-04-02,3
beef,meat,2.97,2.68,0.29,2025-03-26,2025-04-13,18
mutton,meat,13.45,9.4,4.05,2025-04-03,2025-04-29,26
spinach,vegetable,10.09,8.92,1.17,2025-03-27,2025-04-17,21
beef,meat,3.81,1.96,1.85,2025-03-27,2025-04-25,29
beef,meat,7.38,5.17,2.21,2025-03-27,2025-04-17,21
potato,vegetable,10.11,7.29,2.82,2025-04-07,2025-04-30,23
cheese,dairy,12.23,8.13,4.1,2025-03-26,2025-04-22,27
yogurt,dairy,18.96,9.52,9.44,2025-04-04,2025-05-01,27
beef,meat,11.79,11.49,0.3,2025-03-31,2025-04-23,23
chicken,meat,4.57,2.79,1.78,2025-03-31,2025-04-09,9
yogurt,dairy,13.98,11.05,2.93,2025-03-28,2025-04-26,29
spinach,vegetable,2.28,1.16,1.12,2025-03-24,2025-03-31,7
potato,vegetable,12.12,8.09,4.03,2025-04-02,2025-05-01,29
chicken,meat,14.21,10.36,3.85,2025-03-23,2025-04-06,14
yogurt,dairy,1.81,1.02,0.79,2025-04-07,2025-04-15,8
cheese,dairy,2.33,1.84,0.49,2025-04-06,2025-04-27,21
carrot,vegetable,19.39,17.33,2.06,2025-04-04,2025-04-12,8
potato,vegetable,19.68,18.41,1.27,2025-03-31,2025-04-29,29
beef,meat,11.26,9.97,1.29,2025-03-25,2025-04-07,13
mutton,meat,13.26,12.34,0.92,2025-04-05,2025-04-11,6
spinach,vegetable,13.47,12.58,0.89,2025-03-24,2025-04-09,16
milk,dairy,16.85,14.25,2.6,2025-03-24,2025-03-30,6
milk,dairy,5.97,3.99,1.98,2025-03-24,2025-04-14,21
carrot,vegetable,14.92,9.49,5.43,2025-03-23,2025-04-22,30
carrot,vegetable,9.83,6.92,2.91,2025-04-04,2025-04-23,19
chicken,meat,9.6,8.04,1.56,2025-03-31,2025-04-05,5
chicken,meat,9.33,5.64,3.69,2025-04-05,2025-04-25,20
potato,vegetable,5.49,3.37,2.12,2025-03-26,2025-03-30,4
milk,dairy,17.18,14.32,2.86,2025-03-31,2025-04-23,23
chicken,meat,12.14,7.69,4.45,2025-03-24,2025-04-07,14
potato,vegetable,5.18,4.67,0.51,2025-03-28,2025-04-13,16
yogurt,dairy,11.13,8.62,2.51,2025-03-29,2025-04-03,5
mutton,meat,6.29,4.5,1.79,2025-03-27,2025-04-23,27
potato,vegetable,15.22,9.03,6.19,2025-03-27,2025-04-16,20
beef,meat,17.07,9.4,7.67,2025-03-29,2025-04-14,16
spinach,vegetable,14.7,14.2,0.5,2025-03-23,2025-04-14,22
spinach,vegetable,6.13,5.75,0.38,2025-04-02,2025-04-07,5
spinach,vegetable,8.01,7.67,0.34,2025-04-07,2025-04-19,12
milk,dairy,16.63,14.58,2.05,2025-03-27,2025-03-30,3
chicken,meat,10.21,5.55,4.66,2025-03-27,2025-04-01,5
spinach,vegetable,13.51,6.98,6.53,2025-04-02,2025-04-27,25
cheese,dairy,13.99,13.72,0.27,2025-04-07,2025-04-26,19
milk,dairy,12.41,10.02,2.39,2025-03-29,2025-04-11,13
chicken,meat,11.74,8.64,3.1,2025-04-03,2025-04-17,14
chicken,meat,14.85,8.33,6.52,2025-04-01,2025-04-11,10
cheese,dairy,3.55,2.59,0.96,2025-03-26,2025-04-16,21
beef,meat,17.12,15.42,1.7,2025-03-28,2025-04-23,26
carrot,vegetable,18.51,13.15,5.36,2025-04-04,2025-05-04,30
potato,vegetable,18.35,10.67,7.68,2025-04-07,2025-04-11,4
carrot,vegetable,10.7,5.54,5.16,2025-04-01,2025-04-11,10
mutton,meat,13.5,11.44,2.06,2025-03-28,2025-04-19,22
chicken,meat,13.94,13.13,0.81,2025-03-28,2025-04-07,10
beef,meat,5.89,5.19,0.7,2025-03-28,2025-04-05,8
cheese,dairy,2.53,1.36,1.17,2025-04-02,2025-04-16,14
cheese,dairy,12.11,11.9,0.21,2025-03-24,2025-04-17,24
yogurt,dairy,17.85,15.97,1.88,2025-03-28,2025-04-05,8
chicken,meat,19.64,10.47,9.17,2025-03-25,2025-04-08,14
chicken,meat,10.38,6.88,3.5,2025-04-03,2025-04-19,16
yogurt,dairy,8.42,5.07,3.35,2025-03-27,2025-04-20,24
beef,meat,8.46,5.21,3.25,2025-03-23,2025-04-05,13
beef,meat,13.65,9.45,4.2,2025-03-24,2025-04-23,30
yogurt,dairy,4.96,3.42,1.54,2025-04-04,2025-05-01,27
cheese,dairy,11.46,8.55,2.91,2025-03-30,2025-04-18,19
yogurt,dairy,15.24,10.39,4.85,2025-04-05,2025-04-24,19
cheese,dairy,4.04,2.11,1.93,2025-04-03,2025-04-28,25
yogurt,dairy,4.55,4.16,0.39,2025-03-29,2025-04-19,21
chicken,meat,12.9,10.83,2.07,2025-03-28,2025-04-17,20
yogurt,dairy,15.8,13.43,2.37,2025-04-07,2025-04-12,5
chicken,meat,7.64,6.38,1.26,2025-04-06,2025-04-23,17
spinach,vegetable,2.79,1.42,1.37,2025-03-25,2025-04-04,10
yogurt,dairy,4.34,3.29,1.05,2025-03-24,2025-04-05,12
mutton,meat,11.35,6.02,5.33,2025-04-04,2025-04-19,15
yogurt,dairy,12.04,9.19,2.85,2025-03-28,2025-04-14,17
cheese,dairy,19.21,10.24,8.97,2025-03-24,2025-04-08,15
yogurt,dairy,6.6,4.03,2.57,2025-04-06,2025-04-15,9
spinach,vegetable,6.38,5.67,0.71,2025-03-31,2025-04-29,29
milk,dairy,7.62,5.24,2.38,2025-03-26,2025-04-23,28
chicken,meat,3.74,2.82,0.92,2025-03-25,2025-04-19,25
chicken,meat,19.11,12.21,6.9,2025-04-02,2025-04-21,19
spinach,vegetable,13.74,13.55,0.19,2025-03-25,2025-03-31,6
chicken,meat,17.83,17.07,0.76,2025-04-07,2025-04-22,15
milk,dairy,16.1,14.72,1.38,2025-03-24,2025-04-05,12
milk,dairy,11.83,8.98,2.85,2025-04-05,2025-04-14,9
potato,vegetable,4.02,2.56,1.46,2025-03-23,2025-04-09,17
milk,dairy,12.12,10.28,1.84,2025-04-02,2025-04-24,22
spinach,vegetable,7.34,4.48,2.86,2025-03-29,2025-04-15,17
cheese,dairy,12.61,8.45,4.16,2025-03-26,2025-03-30,4
milk,dairy,16.57,13.43,3.14,2025-04-02,2025-04-04,2
carrot,vegetable,8.28,6.96,1.32,2025-03-27,2025-04-24,28
milk,dairy,13.15,8.16,4.99,2025-04-07,2025-05-02,25
cheese,dairy,4.23,2.26,1.97,2025-03-31,2025-04-05,5
cheese,dairy,11.31,11.15,0.16,2025-03-25,2025-04-01,7
carrot,vegetable,7.36,7.25,0.11,2025-03-23,2025-03-28,5
chicken,meat,13.29,8.32,4.97,2025-04-03,2025-04-17,14
potato,vegetable,17.14,13.06,4.08,2025-04-06,2025-05-06,30
carrot,vegetable,18.22,12.03,6.19,2025-03-30,2025-04-19,20
spinach,vegetable,7.23,7.03,0.2,2025-04-01,2025-04-16,15
carrot,vegetable,9.99,7.64,2.35,2025-03-24,2025-04-09,16
cheese,dairy,15.23,11.41,3.82,2025-04-05,2025-04-28,23
cheese,dairy,8.91,6.4,2.51,2025-03-26,2025-04-06,11
cheese,dairy,6.44,4.1,2.34,2025-04-07,2025-04-24,17
milk,dairy,19.3,18.23,1.07,2025-03-26,2025-04-14,19
mutton,meat,11.46,8.95,2.51,2025-03-30,2025-04-24,25
milk,dairy,12.19,8.69,3.5,2025-04-06,2025-04-13,7
chicken,meat,17.47,12.65,4.82,2025-03-31,2025-04-08,8
carrot,vegetable,10.73,10.5,0.23,2025-03-25,2025-03-28,3
carrot,vegetable,19.85,12.71,7.14,2025-04-05,2025-04-10,5
beef,meat,13.59,10.35,3.24,2025-04-04,2025-04-17,13
cheese,dairy,11.5,11.22,0.28,2025-04-04,2025-04-26,22
mutton,meat,7.22,6.62,0.6,2025-04-07,2025-04-13,6
beef,meat,11.27,8.24,3.03,2025-03-31,2025-04-13,13
milk,dairy,6.83,3.99,2.84,2025-04-01,2025-05-01,30
chicken,meat,2.47,2.41,0.06,2025-04-05,2025-04-07,2
cheese,dairy,14.06,12.37,1.69,2025-03-31,2025-04-07,7
milk,dairy,1.05,0.55,0.5,2025-03-24,2025-04-19,26
yogurt,dairy,15.08,13.57,1.51,2025-03-25,2025-04-10,16
yogurt,dairy,4.09,3.78,0.31,2025-04-03,2025-04-14,11
spinach,vegetable,18.72,11.91,6.81,2025-03-24,2025-03-26,2
spinach,vegetable,8.06,4.3,3.76,2025-03-27,2025-04-21,25
cheese,dairy,14.22,7.12,7.1,2025-03-25,2025-04-20,26
cheese,dairy,6.64,5.85,0.79,2025-03-29,2025-03-31,2
mutton,meat,12.15,11.16,0.99,2025-04-05,2025-04-19,14
beef,meat,1.06,0.67,0.39,2025-03-28,2025-03-30,2
carrot,vegetable,14.85,8.31,6.54,2025-03-27,2025-04-16,20
chicken,meat,15.1,8.91,6.19,2025-03-24,2025-03-29,5
spinach,vegetable,4.65,2.48,2.17,2025-03-31,2025-04-27,27
milk,dairy,6.28,5.33,0.95,2025-04-05,2025-05-02,27
spinach,vegetable,5.98,5.64,0.34,2025-03-31,2025-04-29,29
yogurt,dairy,17.77,13.13,4.64,2025-04-03,2025-04-12,9
carrot,vegetable,11.99,7.48,4.51,2025-04-02,2025-04-29,27
spinach,vegetable,11.58,6.34,5.24,2025-04-05,2025-04-28,23
potato,vegetable,14.29,10.69,3.6,2025-03-24,2025-04-08,15
beef,meat,15.36,15.16,0.2,2025-03-26,2025-04-05,10
chicken,meat,12.31,6.31,6.0,2025-03-28,2025-03-30,2
yogurt,dairy,7.76,3.91,3.85,2025-03-26,2025-04-20,25
spinach,vegetable,9.44,7.07,2.37,2025-03-23,2025-04-22,30
milk,dairy,6.62,5.9,0.72,2025-03-30,2025-04-28,29
cheese,dairy,1.98,1.0,0.98,2025-04-03,2025-04-07,4
potato,vegetable,8.5,5.49,3.01,2025-03-27,2025-04-01,5
beef,meat,5.89,5.12,0.77,2025-03-28,2025-04-20,23
potato,vegetable,13.96,11.2,2.76,2025-03-23,2025-04-07,15
potato,vegetable,12.98,8.87,4.11,2025-03-26,2025-04-07,12
cheese,dairy,15.1,9.65,5.45,2025-03-26,2025-04-06,11
potato,vegetable,11.54,11.33,0.21,2025-04-05,2025-04-21,16
cheese,dairy,7.55,4.15,3.4,2025-04-02,2025-04-10,8
potato,vegetable,12.12,7.57,4.55,2025-03-26,2025-04-16,21
beef,meat,16.92,9.42,7.5,2025-03-31,2025-04-12,12
yogurt,dairy,17.42,8.99,8.43,2025-03-27,2025-04-24,28
mutton,meat,12.2,6.37,5.83,2025-03-28,2025-04-05,8
milk,dairy,11.88,11.49,0.39,2025-03-24,2025-04-16,23
carrot,vegetable,15.15,10.72,4.43,2025-04-05,2025-04-14,9
yogurt,dairy,19.75,14.5,5.25,2025-04-07,2025-04-16,9
carrot,vegetable,7.66,5.41,2.25,2025-03-23,2025-04-21,29
chicken,meat,1.49,1.47,0.02,2025-03-24,2025-04-04,11
chicken,meat,12.11,7.19,4.92,2025-04-05,2025-04-29,24
cheese,dairy,9.15,7.62,1.53,2025-03-24,2025-04-16,23
milk,dairy,19.71,12.91,6.8,2025-03-29,2025-04-23,25
potato,vegetable,15.0,12.47,2.53,2025-04-06,2025-05-06,30
mutton,meat,13.64,11.38,2.26,2025-04-02,2025-04-12,10
milk,dairy,8.19,4.57,3.62,2025-04-01,2025-04-06,5
yogurt,dairy,9.11,7.91,1.2,2025-03-27,2025-04-20,24
spinach,vegetable,7.03,5.94,1.09,2025-03-28,2025-04-14,17
beef,meat,4.66,3.26,1.4,2025-03-29,2025-04-15,17
milk,dairy,4.7,3.16,1.54,2025-04-01,2025-04-04,3
chicken,meat,13.23,8.14,5.09,2025-04-02,2025-04-04,2
mutton,meat,7.41,5.6,1.81,2025-04-01,2025-04-10,9
potato,vegetable,5.43,5.38,0.05,2025-03-31,2025-04-19,19
yogurt,dairy,5.64,5.09,0.55,2025-03-31,2025-04-17,17
cheese,dairy,6.23,3.25,2.98,2025-03-24,2025-03-26,2
mutton,meat,9.64,5.1,4.54,2025-04-01,2025-04-12,11
beef,meat,11.48,9.86,1.62,2025-03-26,2025-04-15,20
potato,vegetable,10.0,9.73,0.27,2025-04-04,2025-04-17,13
beef,meat,2.58,1.33,1.25,2025-04-01,2025-04-08,7
spinach,vegetable,16.86,9.41,7.45,2025-03-29,2025-04-02,4
mutton,meat,16.12,11.27,4.85,2025-04-02,2025-04-05,3
cheese,dairy,5.78,4.53,1.25,2025-03-29,2025-04-22,24
chicken,meat,7.77,7.38,0.39,2025-03-29,2025-04-22,24
beef,meat,5.72,3.51,2.21,2025-04-05,2025-04-28,23
chicken,meat,16.06,12.74,3.32,2025-04-07,2025-04-18,11
cheese,dairy,1.99,1.42,0.57,2025-04-02,2025-04-21,19
beef,meat,4.92,4.78,0.14,2025-03-25,2025-04-21,27
spinach,vegetable,14.64,12.94,1.7,2025-03-24,2025-04-13,20
cheese,dairy,9.15,5.18,3.97,2025-03-27,2025-04-09,13
yogurt,dairy,5.48,3.12,2.36,2025-03-24,2025-04-20,27
milk,dairy,12.97,11.44,1.53,2025-03-31,2025-04-27,27
chicken,meat,2.05,1.4,0.65,2025-04-04,2025-05-02,28
chicken,meat,10.71,9.46,1.25,2025-03-31,2025-04-03,3
yogurt,dairy,6.87,6.03,0.84,2025-03-24,2025-03-29,5
chicken,meat,6.14,4.93,1.21,2025-03-23,2025-04-10,18
chicken,meat,7.97,6.88,1.09,2025-04-07,2025-04-23,16
yogurt,dairy,17.39,12.85,4.54,2025-03-31,2025-04-13,13
chicken,meat,17.49,9.65,7.84,2025-03-31,2025-04-04,4
chicken,meat,10.87,6.97,3.9,2025-03-26,2025-03-29,3
mutton,meat,17.27,12.47,4.8,2025-03-25,2025-04-20,26
spinach,vegetable,18.01,9.67,8.34,2025-03-24,2025-04-05,12
cheese,dairy,12.88,9.14,3.74,2025-03-28,2025-04-23,26
beef,meat,18.78,12.74,6.04,2025-03-30,2025-04-02,3
mutton,meat,6.59,6.04,0.55,2025-04-01,2025-04-08,7
beef,meat,14.85,10.71,4.14,2025-03-30,2025-04-26,27
beef,meat,14.79,9.19,5.6,2025-03-28,2025-04-04,7
yogurt,dairy,11.95,6.06,5.89,2025-03-31,2025-04-13,13
cheese,dairy,18.53,10.76,7.77,2025-04-07,2025-04-13,6
spinach,vegetable,14.3,12.6,1.7,2025-04-04,2025-04-18,14
spinach,vegetable,14.04,8.17,5.87,2025-04-06,2025-04-14,8
beef,meat,3.84,2.1,1.74,2025-03-24,2025-04-07,14
yogurt,dairy,5.74,3.64,2.1,2025-04-06,2025-04-11,5
beef,meat,19.88,16.13,3.75,2025-03-27,2025-04-19,23
spinach,vegetable,9.31,5.0,4.31,2025-04-02,2025-05-01,29
cheese,dairy,9.15,5.66,3.49,2025-04-05,2025-04-23,18
milk,dairy,19.71,10.42,9.29,2025-04-01,2025-04-06,5
spinach,vegetable,19.11,13.21,5.9,2025-04-03,2025-04-08,5
potato,vegetable,13.87,12.75,1.12,2025-03-26,2025-03-29,3
spinach,vegetable,17.48,13.51,3.97,2025-04-02,2025-04-07,5
mutton,meat,18.14,15.39,2.75,2025-04-07,2025-05-06,29
milk,dairy,11.65,5.9,5.75,2025-03-28,2025-04-03,6
spinach,vegetable,4.36,2.84,1.52,2025-03-29,2025-04-16,18
spinach,vegetable,8.78,5.03,3.75,2025-04-07,2025-04-15,8
beef,meat,7.01,3.63,3.38,2025-03-29,2025-03-31,2
potato,vegetable,13.45,10.71,2.74,2025-03-25,2025-04-07,13
potato,vegetable,7.47,7.33,0.14,2025-04-05,2025-04-14,9
mutton,meat,9.91,5.69,4.22,2025-03-25,2025-04-13,19
potato,vegetable,11.51,8.19,3.32,2025-03-31,2025-04-13,13
cheese,dairy,19.17,18.66,0.51,2025-04-02,2025-04-07,5
yogurt,dairy,1.09,0.66,0.43,2025-04-04,2025-04-19,15
potato,vegetable,15.86,15.74,0.12,2025-03-23,2025-04-19,27
carrot,vegetable,13.5,7.71,5.79,2025-03-29,2025-04-03,5
cheese,dairy,14.26,8.5,5.76,2025-03-27,2025-04-17,21
mutton,meat,4.63,3.52,1.11,2025-03-28,2025-04-23,26
chicken,meat,12.66,7.06,5.6,2025-03-31,2025-04-30,30
potato,vegetable,3.97,3.47,0.5,2025-04-06,2025-04-28,22
cheese,dairy,12.74,9.14,3.6,2025-03-25,2025-04-20,26
beef,meat,2.98,2.93,0.05,2025-04-02,2025-04-06,4
chicken,meat,16.99,12.0,4.99,2025-03-27,2025-04-20,24
cheese,dairy,5.17,3.47,1.7,2025-03-25,2025-04-02,8
carrot,vegetable,2.43,1.85,0.58,2025-03-31,2025-04-16,16
beef,meat,4.3,2.18,2.12,2025-04-02,2025-04-08,6
beef,meat,1.94,1.69,0.25,2025-03-31,2025-04-22,22
yogurt,dairy,10.45,7.98,2.47,2025-03-25,2025-04-24,30
potato,vegetable,10.15,10.13,0.02,2025-03-26,2025-03-29,3
spinach,vegetable,15.37,13.82,1.55,2025-03-28,2025-04-19,22
cheese,dairy,13.27,6.87,6.4,2025-03-28,2025-04-08,11
beef,meat,1.35,0.79,0.56,2025-04-07,2025-05-02,25
beef,meat,14.31,14.12,0.19,2025-04-02,2025-05-01,29
chicken,meat,18.62,14.42,4.2,2025-03-31,2025-04-04,4
chicken,meat,4.52,2.41,2.11,2025-03-31,2025-04-17,17
cheese,dairy,17.1,15.28,1.82,2025-03-25,2025-04-15,21
potato,vegetable,12.16,8.29,3.87,2025-04-03,2025-04-05,2
carrot,vegetable,10.82,6.35,4.47,2025-04-04,2025-04-22,18
cheese,dairy,9.03,8.03,1.0,2025-03-25,2025-04-10,16
chicken,meat,17.54,13.15,4.39,2025-03-29,2025-04-15,17
mutton,meat,15.77,11.11,4.66,2025-03-30,2025-04-15,16
spinach,vegetable,18.14,17.37,0.77,2025-03-27,2025-04-26,30
carrot,vegetable,16.15,11.05,5.1,2025-03-30,2025-04-12,13
milk,dairy,12.18,10.0,2.18,2025-04-04,2025-04-23,19
yogurt,dairy,8.98,8.78,0.2,2025-04-03,2025-04-19,16
mutton,meat,18.96,10.43,8.53,2025-03-25,2025-04-01,7
yogurt,dairy,6.64,4.63,2.01,2025-04-01,2025-04-22,21
beef,meat,19.7,12.77,6.93,2025-04-04,2025-04-29,25
chicken,meat,7.65,7.37,0.28,2025-04-01,2025-04-24,23
carrot,vegetable,14.27,8.22,6.05,2025-03-31,2025-04-27,27
beef,meat,17.15,15.93,1.22,2025-03-30,2025-04-22,23
carrot,vegetable,7.96,5.41,2.55,2025-03-29,2025-04-03,5
beef,meat,1.98,1.81,0.17,2025-03-23,2025-03-29,6
potato,vegetable,15.79,13.03,2.76,2025-03-31,2025-04-07,7
carrot,vegetable,10.67,8.35,2.32,2025-03-28,2025-04-22,25
potato,vegetable,1.77,1.64,0.13,2025-03-28,2025-04-22,25
chicken,meat,8.45,7.59,0.86,2025-04-04,2025-05-03,29
potato,vegetable,6.63,3.34,3.29,2025-04-03,2025-04-29,26
cheese,dairy,5.08,4.7,0.38,2025-03-28,2025-04-26,29
carrot,vegetable,7.57,7.31,0.26,2025-04-06,2025-04-23,17
beef,meat,14.96,7.73,7.23,2025-03-29,2025-04-03,5
mutton,meat,16.58,15.63,0.95,2025-04-01,2025-04-12,11
milk,dairy,2.76,2.41,0.35,2025-03-27,2025-04-22,26
chicken,meat,7.19,3.61,3.58,2025-04-05,2025-04-12,7
carrot,vegetable,6.01,3.65,2.36,2025-04-01,2025-04-28,27
potato,vegetable,3.91,3.01,0.9,2025-03-24,2025-03-28,4
chicken,meat,18.91,17.68,1.23,2025-04-02,2025-04-15,13
cheese,dairy,8.77,6.83,1.94,2025-03-25,2025-04-23,29
potato,vegetable,11.77,7.15,4.62,2025-04-07,2025-04-23,16
potato,vegetable,13.64,11.0,2.64,2025-04-07,2025-04-17,10
carrot,vegetable,9.97,7.5,2.47,2025-03-26,2025-03-30,4
cheese,dairy,1.34,0.76,0.58,2025-03-25,2025-04-21,27
yogurt,dairy,1.57,0.98,0.59,2025-04-06,2025-05-02,26
beef,meat,12.63,11.09,1.54,2025-03-29,2025-04-15,17
spinach,vegetable,1.6,1.38,0.22,2025-03-24,2025-03-26,2
spinach,vegetable,14.72,10.01,4.71,2025-03-29,2025-04-08,10
beef,meat,12.55,10.54,2.01,2025-04-04,2025-04-11,7
mutton,meat,3.84,2.27,1.57,2025-03-29,2025-04-28,30
cheese,dairy,13.81,12.52,1.29,2025-03-30,2025-04-22,23
